term,rank
ppr,0.65511
plan de prévention des risques,0.6315999999999999
prévention des risques,0.60796
débroussaillement et maintien,0.60538
débroussaillement,0.60189
aménagements sur l écoulement,0.5932999999999999
inondation,0.5906199999999999
réaction au feu,0.5902499999999999
point de retournement,0.58927
prévention en conséquence,0.58833
prévention des risques naturels,0.58788
prévention,0.58779
inondations,0.58694
impératifs d'écoulement,0.5836699999999999
feu,0.58361
zone inondable,0.58316
ensemble des ouvertures,0.58204
regard de l'inondation,0.58107
enfouissement des citernes,0.5809400000000001
ruissellement,0.57988
plan de prévention,0.57905
mesures de prévention nécessaires,0.5773499999999999
eaux de crues,0.5768199999999999
élément incombustible,0.57565
ouvertures,0.57437
placette circulaire,0.57311
incendies,0.5730000000000002
incendie,0.57261
feu des matériaux,0.5720799999999999
enlèvement des atterrissements,0.57062
retournement,0.5703199999999999
profondeur de débroussaillement,0.5703000000000001
incendies de forêt,0.5702200000000001
axes d'écoulement,0.56891
écoulement sous forme,0.56832
écoulement des crues,0.5683199999999999
expansion des crues,0.56807
enfouissement,0.5668299999999998
accueil,0.5663900000000001
eau en crue,0.56589
incidence sur l écoulement,0.5654199999999999
autre élément incombustible,0.5652
entretien,0.5648500000000001
approbation du ppr,0.5646300000000001
risques moindres,0.56397
déboisement sélectif,0.5636099999999999
risques naturels d'inondation,0.56249
champ d'inondation,0.5624299999999999
du reglement dispositions,0.5618899999999999
expansion des eaux,0.56145
oeuvre sous la responsabilité,0.56133
impératifs d'écoulement des crues,0.56009
en-dessous de la cote,0.5599799999999999
oeuvre pour les risques,0.55975
mur de soubassement,0.55971
droit de l aménagement,0.55878
étude de travaux,0.55795
critère de réaction au feu,0.5575199999999999
écoulement des eaux,0.5571900000000001
crues après étude,0.5565900000000001
maître d'ouvrage,0.55644
réseaux d'assainissement,0.5560500000000002
eau en crue centennale,0.5559999999999999
modification de murs de clôtures,0.55568
utilisations,0.55567
incendie de forêt,0.5549699999999999
vulnerabilite,0.55434
vulnérabilité,0.55434
d aléa indifférencié,0.5542499999999999
et ouvrages nouveaux,0.5540900000000001
ouverture,0.5539999999999999
mesures de prévention,0.5536099999999999
travaux d'entretien,0.55292
emprise en cas de crue,0.55168
protection contre les inondations,0.5507299999999999
ouvrage,0.55022
cadre de constructions en zones inondables,0.54823
risques naturels prévisibles,0.5480799999999999
effets de la crue,0.5477399999999999
protection de l environnement,0.5469
oeuvre,0.5458799999999999
feu mo,0.5450999999999999
phenomene inondation,0.54489
débouché en toiture,0.54471
–,0.54466
eaux,0.54466
ouvrages,0.5444599999999999
usage des locaux,0.5440400000000001
façon à pouvoir,0.54402
enlèvement,0.54396
eau pour la crue,0.54396
code de l urbanisme,0.5433199999999999
écoulement sous forme de barrage,0.5431999999999999
forme,0.5427299999999999
écoulement,0.5426599999999999
ecoulement,0.5426599999999999
responsabilité du maître,0.54253
travaux de protection des zones,0.5423699999999999
locaux techniques nécessaires,0.5416500000000001
forêt,0.5416
entretien sélectif,0.5412699999999999
plan de zonage,0.5411400000000001
voiries,0.5410200000000001
arrêtés,0.54064
modification de clôtures,0.54016
inondation centennale,0.5400699999999998
eau réglementaire,0.5399099999999999
crue de référence,0.53934
calcul,0.5392300000000001
eaux en cas de crue,0.53891
mesures de prévention dans le cadre,0.5387400000000001
continuité avec une zone,0.53874
crue exceptionnelle,0.5386500000000001
champ d'expansion des crues,0.53849
oeuvre pour les risques naturels,0.5383899999999999
zone bleue bh,0.538
terrain naturel avant travaux,0.53693
continuité,0.53688
conditions d'écoulement,0.5367400000000001
techniques de prévention,0.53674
responsabilité,0.5365200000000001
travaux d'aménagements,0.53638
écoulements,0.5362
cadre de constructions en zones,0.53585
p,0.53525
zone de danger,0.53506
locaux,0.5350100000000001
emprise,0.5342499999999999
impact sur l'écoulement,0.5337699999999999
dispositions des arrêtés,0.5336500000000001
effets de la crue centennale,0.53338
arrêté,0.53328
partie supérieure,0.53265
murs de clôtures,0.53244
endiguements,0.53196
bleue bu,0.5319
débouché en toiture jusqu,0.53169
août,0.5316699999999999
gouttières,0.5316399999999999
réalisation de réseaux,0.53151
plan de zonage du plan,0.53143
protection,0.5310999999999999
hautes eaux,0.53089
valeur vénale des biens,0.53057
modification de murs,0.5303899999999999
produits dangereux,0.53031
crues,0.5301799999999999
couvertures,0.5299
produits,0.5295599999999999
air sans création de remblais,0.5295099999999999
danger,0.5295000000000001
ralentissement des écoulements,0.52945
locaux à matériels,0.52919
amélioration de la qualité,0.52918
murs de clôtures sous réserve,0.52909
partie,0.5286
mesures,0.5285299999999999
clôtures sous réserve,0.5283599999999999
assainissement,0.52827
plus hautes eaux,0.5281
modes culturaux,0.528
étude de travaux de protection,0.5279400000000001
équipements,0.5279
travaux de protection,0.5278400000000001
équipements de lutte,0.52749
zones inondables naturelles,0.5274300000000001
réduction de l aléa,0.52723
produits ou objets,0.52719
ans après l'approbation,0.5267299999999999
dispositifs d'épuisement,0.52631
portee du reglement,0.52626
citernes,0.5262500000000001
zones de danger,0.5254
applicables aux zones,0.52471
icpe,0.5246600000000001
périmètre,0.5244699999999999
crue,0.5244000000000001
création de remblais,0.5243500000000001
sécurité des projets nouveaux,0.52432
crue centennale,0.5242000000000001
contrainte,0.5238700000000002
prévention dans le cadre,0.52349
sous-face des planchers,0.52299
batardeaux …,0.5229600000000001
cote de référence,0.5226900000000001
zones inondables,0.5225600000000001
extension de bâtiments,0.5224799999999999
expansion,0.52241
ouvrages existants,0.52223
locaux techniques,0.5217700000000001
et ouvrages existants,0.52176
confort des bâtiments,0.52158
étude hydraulique,0.5213399999999999
la capacite d,0.52125
résistance au feu,0.5212
atterrissements,0.5210999999999999
terrains en nature de bois,0.52102
zonage du plan,0.5208999999999999
du libre ecoulement,0.5208299999999999
voies carrossables,0.5203
propriétaire des constructions,0.5201800000000001
eaux pluviales sur place,0.5196
ans,0.5194
cote de la phe,0.5190499999999999
clauses réglementaires,0.51895
reglement – commune,0.51895
réalisation de petites voiries,0.5182399999999999
dispositions du p,0.5182
profondeur,0.51772
mur de protection en maçonnerie pleine,0.5175100000000001
obstacle à l'écoulement,0.5175099999999999
débouché,0.5170899999999999
durée,0.5165299999999999
obstacle à l écoulement,0.51651
reduire ou supprimer,0.5162599999999999
communes sur un périmètre,0.51609
travaux et ouvrages,0.5157799999999999
travaux de terrassement,0.51508
securite,0.51497
sécurité,0.51497
obstacle aux écoulements,0.51493
citernes jusqu,0.5148300000000001
phenomene,0.5146200000000001
zone bleue bu,0.51451
cote de phe,0.51427
côte de phe,0.51427
lit mineur par déboisement sélectif,0.5142399999999999
pprif reglement,0.51422
mesures de réduction,0.5141199999999999
pprif reglement –,0.5141
réalisation,0.51403
accueil sous réserve,0.5138
− en particulier,0.5135799999999999
sécurité au regard,0.51342
réfection de toiture,0.5133300000000001
niveau de la cote,0.51332
reglement dispositions generales,0.5130399999999999
cote,0.51286
côte,0.51286
protection des zones,0.51279
accueil sous réserve qu,0.51242
syndicat de communes sur un périmètre,0.51222
mètres du bâtiment,0.51215
réseaux extérieurs d'eau,0.5117499999999999
application de la loi,0.5113300000000001
voies,0.5113
matériaux insensibles à l'eau,0.5111600000000001
reboisement,0.51101
l arrêté préfectoral,0.5108999999999999
possibilités de subvention,0.5105500000000001
étude de risque,0.51048
limite,0.5104
travaux,0.51039
défrichements de façon,0.51034
demandes d'ouverture,0.51032
constructions et ouvrages,0.5099600000000001
constructions des terrains,0.50986
ensemble des travaux,0.5097400000000001
règlement sanitaire départemental,0.5096400000000001
supérieure au terrain naturel,0.50947
cas de pluie,0.50934
objet d'une étude hydraulique,0.50895
dispositions applicables aux biens,0.5088999999999999
destination des constructions,0.50885
eau,0.50864
sécurité des constructions,0.50844
protection en maçonnerie pleine,0.50833
mesures minimales de prévention individuelles,0.50794
maître,0.50783
entretien du lit,0.50776
extension des bâtiments,0.50768
syndicat de communes,0.5076400000000001
clôtures légères sur mur,0.5074
matériaux,0.5072099999999999
urbanisme,0.50717
murs en dur,0.50717
conséquences d'une crue exceptionnelle,0.50674
risques naturels,0.5065999999999999
enveloppes,0.506
habitations et bâtiments,0.50596
parcs de stationnement,0.50592
nature de bois,0.50592
aménagements ou adaptations,0.5056999999999999
création de constructions nouvelles,0.5056799999999999
force portante pour un véhicule,0.5055799999999999
création de logement supplémentaire,0.5051399999999999
dessus de la cote,0.5050999999999999
zone bleue bn,0.50499
niveau du terrain naturel,0.50498
ensemble de la zone,0.50474
phe,0.50442
conséquences d'une crue,0.5043799999999999
réfections de toitures,0.50424
zone bleue,0.5040799999999999
aléa,0.50407
relative à l'indemnisation,0.5040600000000001
résistance au poinçonnement,0.5039800000000001
sécurité des biens,0.50381
augmentation de la capacité,0.5036600000000001
maçonnerie pleine,0.5032499999999999
objet d'une étude,0.5031399999999999
construction à la voie ouverte,0.50312
voiries secondaires,0.5030300000000001
schéma départemental des carrières,0.5027400000000001
incidence,0.5023200000000001
partie combustible,0.5021800000000001
gestion,0.50169
matière de pluvial,0.50161
autorisation en zone inondable,0.5016
m d'emprise,0.50141
mètres de hauteur,0.50141
reglement –,0.50136
revêtements de couvertures,0.50126
zone de précaution,0.50117
amont,0.50094
étude de danger,0.5004700000000001
voie d'accès,0.50038
place de systèmes,0.50016
délais,0.4998800000000001
maximum,0.49983000000000005
véhicules sous réserve,0.49973999999999996
bleue,0.49966
mesures compensatoires de nature,0.4995299999999999
présent règlement,0.49942000000000003
intérieur de la zone,0.49931000000000003
batardeaux,0.4993
e,0.49918000000000007
zones de précaution,0.49914
arrêté préfectoral,0.49885
niveau du terrain,0.49861000000000005
dispositif de mise hors-service,0.49859
sécurité des projets,0.49807999999999997
mise en sécurité des constructions,0.49807000000000007
toiture jusqu,0.49799
impératifs,0.49783
forme de barrage,0.49779999999999996
pare-étincelles en partie supérieure,0.4975900000000001
murs,0.4973700000000001
citernes ou réserves,0.49726
pare-étincelles en partie,0.49718
état de catastrophe naturelle,0.49705000000000005
panneaux de bois,0.49702999999999997
lit des cours,0.49702
cadre de la loi,0.49693000000000004
mesures minimales de prévention,0.49643
déboisement,0.4962999999999999
occupation humaine permanente,0.49605999999999995
eaux en cas,0.49564
bande de roulement,0.4956199999999999
détermination du risque,0.4954199999999999
critère de réaction,0.495
cote de p,0.49482
création de logements,0.49481
communes,0.49441000000000007
classification des matériaux,0.4943599999999999
direction régionale de l'industrie,0.49415999999999993
refuge à l étage,0.49415000000000003
équipements de lutte contre les incendies,0.49413
étude hydraulique spécifique,0.49409000000000003
vulnerabilite des biens,0.49382000000000004
gouttières et descentes,0.4937699999999999
lit mineur par déboisement,0.49356999999999995
gros uvre,0.49226000000000003
précaution,0.49223999999999996
extension de bâtiments d'habitation,0.49223000000000006
remblais,0.4922099999999999
autres législations réglementaires,0.49216999999999994
voies piétonnes,0.49196000000000006
cours d'eau,0.49182
écoulement des eaux pluviales,0.49180999999999997
règlement,0.4914399999999999
reglement,0.4914399999999999
hauteur,0.4911999999999999
mur,0.49114
imperméabilisation des sols,0.49068999999999996
dispositif,0.49061000000000005
entrée principale de la construction,0.49057000000000006
biens,0.49049000000000004
reduction,0.49049
sécurité des personnes,0.49040999999999996
securite des personnes,0.49040999999999996
zone de précaution forte,0.4904
régulation des crues,0.49024
zone rouge ru,0.4901700000000001
produits sensibles à l'humidité,0.49010999999999993
zone rouge r,0.48980000000000007
écoulement principal,0.48976
zone,0.48956999999999995
sol rocheux …,0.48952000000000007
d activités pérennes,0.48900999999999994
matériaux et conditionnements,0.48894000000000004
zones,0.48889999999999995
pente inférieure,0.48885000000000006
travaux d'aménagements sportifs,0.48884000000000005
loi sur l'eau,0.48846999999999996
étage,0.48846000000000006
commune,0.48828000000000005
cas de crue,0.48825
parcs de stationnement des véhicules,0.48805
habitation existants dans la limite,0.48760999999999993
r,0.48758999999999997
cinquante mètres,0.48752000000000006
législations réglementaires en vigueur,0.48739
extension de bâtiments d'habitation existants,0.48729000000000006
mur de protection,0.48724
opération d'urbanisation,0.48707
établissements,0.4869199999999999
maintien du libre,0.48686999999999997
travaux et activités,0.48683
servitude d'utilité,0.48646
secours,0.4862399999999999
sinistre,0.4861
aménagement,0.48593000000000003
terrassements après étude hydraulique,0.4859299999999999
terrains en nature,0.48588000000000003
biens et activités,0.4857099999999999
changements de destination des constructions,0.48568999999999996
enveloppes des bâtiments,0.48556
amont et aval,0.48536
constructions avec changement de destination,0.4851
accueil du public,0.485
bouches d'égouts,0.48475999999999997
compte,0.48457999999999996
équipements d'intérêt,0.48450000000000004
victimes des catastrophes naturelles,0.4845
mur de protection en maçonnerie,0.4844899999999999
bleue bn,0.48439
diminution de la vulnérabilité,0.48435000000000006
paragraphe,0.4840400000000001
cadre de constructions,0.48402
charge du propriétaire,0.48402
création de constructions,0.48386000000000007
aménagements sportifs,0.48363000000000006
réparation des dommages,0.48339
conditionnements susceptibles,0.48335999999999996
maintien en état,0.48325000000000007
aménagements,0.48318000000000005
accès,0.48312999999999995
véhicules de lutte,0.4831100000000001
sécurité des constructions existantes,0.48274
stockage des eaux,0.48251999999999995
bâtiments d'habitation,0.48242
modifications de constructions sans changement,0.48229
lez,0.48164999999999997
eaux pluviales,0.48157999999999995
aggravation,0.48134999999999994
cartographie des enjeux,0.48121
constructions nouvelles,0.48083
arrêtés ministériels,0.48079
rayon intérieur des tournants,0.48062000000000005
catégorie m1,0.48055000000000003
toitures,0.48036
conséquences amont,0.48030999999999996
annexes des bâtiments,0.4802600000000001
conduits extérieurs,0.47965
conduites,0.47937
bois,0.47924999999999995
place,0.47908
stationnement des véhicules,0.4790500000000001
objet d'une étude hydraulique spécifique,0.47899000000000014
établissements sanitaires,0.47886999999999996
en-dessous,0.47881
territoire,0.47874999999999995
vulnérabilité du bâtiment,0.4787100000000001
constructions sans changement de destination,0.4787
travaux relatifs à la ripisylve,0.4787
cause du sinistre,0.4786200000000001
normes de confort,0.47846
lutte contre l incendie,0.47836
décret,0.47835
support continu,0.4783200000000001
capacite d expansion,0.4782
créations de logements,0.4781600000000001
réseau de distribution,0.47805
hauteur libre,0.47768999999999995
constructions en zones,0.47763999999999995
annexe,0.47718000000000005
aval,0.47676999999999997
ru1,0.47674000000000005
atterrissements après procédure,0.47661
conduites et canalisations,0.4765
dessus du terrain naturel,0.47621
terrassements après étude,0.4760400000000001
entretien sélectif de la ripisylve,0.47589999999999993
lutte contre les incendies,0.47585
supérieure au terrain,0.47585
protection en maçonnerie,0.47574000000000005
création de logement,0.4757399999999999
effets du p,0.4755300000000001
façon,0.47533999999999993
bâtiments,0.47533000000000003
étanchéité,0.47467
petites voiries,0.47459999999999997
installations et activités,0.47456
maintien,0.47375
admis,0.4737100000000001
étanchéité du bâtiment,0.47368
modification de clôtures légères,0.47355
jusqu aux constructions,0.47353000000000006
conditions de mise en sécurité,0.47346000000000005
matériau ou végétal,0.47339000000000003
normes de confort des bâtiments,0.47334000000000004
père,0.47289000000000014
mesures compensatoires,0.47273
meilleurs délais,0.47267000000000003
fêtes foraines,0.47222
sablières ou gravières,0.47217000000000003
bâtiments d'habitation existants,0.47206000000000004
créations de campings,0.47203999999999996
délai,0.47202
création ou modification,0.47201000000000004
danger de l icpe,0.47172000000000003
colonies de vacances,0.47146
équipements d'intérêt général,0.47139
constructions en zones inondables,0.47131
annonces de crues,0.47115
propriétaires,0.47114
intérêt,0.47081999999999996
travaux de mise en sécurité,0.47062
pistes,0.47047
créations,0.47043
quantité ou concentration,0.47039
mode de calcul,0.47030000000000005
surface habitable,0.47013000000000005
zone b1,0.47007000000000004
revêtements de façades,0.46999
types de zones,0.46975
changement de l usage,0.46973000000000004
lutte,0.4693899999999999
augmentation,0.46932999999999997
bâtiment,0.46929999999999994
risques,0.46926000000000007
cf,0.46906
sdis de l hérault,0.4689900000000001
clôtures,0.4686800000000001
mise en securite,0.4685499999999999
mise en sécurité,0.4685499999999999
catégorie mo,0.46848
création,0.46841
norme technique de classement,0.46835000000000004
mo,0.46829
air,0.4682099999999999
accessibilité,0.46809
conduits extérieurs des cheminées,0.46782
entretien du lit mineur,0.46758999999999995
demi-heure et actionnables,0.46726999999999996
combustibles extérieures,0.46718000000000004
eviter,0.46602000000000005
pistes cyclables,0.46601
zones rouges r,0.46596000000000004
matériau,0.46587000000000006
planchers,0.46564999999999995
existants,0.46559
ralentissement,0.46558
approbation,0.4654
droit,0.46519000000000005
pression,0.4647799999999999
minimum à la cote,0.46462000000000003
référence,0.46439
capacité de stockage des eaux,0.4643200000000001
mise en oeuvre de techniques,0.46431000000000006
reconstruction d'un bâtiment,0.46391
piscines au niveau,0.46387999999999996
respect des dispositions,0.46315999999999996
modifications de constructions,0.46311
rouge,0.4629699999999999
personnes,0.46284000000000003
avenue du père,0.46283
dispositif de mise,0.46282999999999996
enquête publique,0.46265999999999996
cadre des textes réglementaires,0.46224999999999994
extension des sous,0.4620499999999999
distribution,0.4614399999999999
rouges ru,0.46102999999999994
place dans un délai,0.46069000000000004
bâtiments d'activités,0.46041
servitude,0.46028
dispositions,0.46020000000000005
rouges,0.46012000000000003
cm,0.46003000000000005
modifications de constructions avec changement,0.45999999999999996
habitation existants,0.45992
zones rouges ru,0.45982
constructions avec changement,0.4598
matériau mo,0.45969999999999994
revêtements,0.45962
bu1,0.45943999999999996
orientations et préconisations,0.45943000000000006
produits polluants,0.45915000000000006
partie combustible à la jonction,0.45914
entrée principale,0.45913000000000004
activités dans le lit,0.45903
zone bu1,0.45902000000000004
construction à la voie,0.45894
dispositifs,0.4589
services de secours,0.45858
conséquences,0.45832999999999996
support continu en matériau,0.4582499999999999
maîtrise,0.45813
plein air,0.4578899999999999
mise en place de systèmes,0.45782
vacances,0.4575699999999999
étude,0.45743
demi-heure,0.4568199999999999
fin des dispositions générales,0.45657999999999993
zone rouge,0.45657999999999993
parcs résidentiels de loisirs,0.45646000000000003
travaux de mise,0.45603
récupération des cendres,0.45587
stockages de produits dangereux,0.45585000000000003
cas de pluie intense,0.45497999999999994
dehors de la période,0.45493999999999996
rétention,0.45486000000000004
conséquence,0.45472
cinquante,0.45458999999999994
réserves de combustibles extérieures,0.45458999999999994
sol rocheux,0.4545799999999999
petites voiries secondaires,0.4545699999999999
mètres maximum,0.45438999999999996
largeur minimale,0.45428999999999997
emprise au sol,0.45406
emprise en cas,0.45404999999999995
gaz,0.45404
ra,0.45374
eaux pluviales dans la proportion,0.45367999999999997
préconisations du sdage,0.45341
prescriptions du règlement,0.45262000000000013
intérieur,0.45217
électricité,0.45209
traitements,0.45206
cas de sinistre,0.45204000000000005
zones rouges,0.45198
exception des dispositifs,0.45171
catégorie,0.45158999999999994
utilisations du sol,0.45145
fin des dispositions,0.4511900000000001
traitements de façades,0.4511800000000001
cas de contrainte,0.45105000000000006
modes,0.45100000000000007
berges par reboisement,0.45074000000000003
bande,0.45072
cm sur une surface,0.45066000000000006
réparation des dommages matériels,0.45047000000000004
activités,0.45032999999999995
activites,0.45032999999999995
activite,0.4500099999999999
activité,0.4500099999999999
orientations,0.4499599999999999
soupapes de sécurité,0.44966
mise aux normes,0.44942000000000004
toiture,0.4491899999999999
annexes,0.44856999999999997
en-dessous du niveau,0.4485199999999999
−,0.4485
arrêté préfectoral en date,0.44848999999999994
réserve qu,0.44847000000000004
préconisations,0.44841
installations aériennes de réserves,0.44826
gestion courants,0.44817000000000007
règles de construction,0.44805
dispositions constructives,0.44785
précaution forte,0.44764
terrain naturel,0.44761000000000006
phe soit transparente,0.44745999999999997
reconstructions de bâtiments,0.44734999999999997
jusqu au niveau,0.44726
matériaux m1,0.44722000000000006
loi,0.44713
bâtiment partiellement sinistré,0.4470700000000001
bac de récupération des cendres,0.44701
maîtrise des eaux pluviales,0.44699
pression dynamique,0.4469899999999999
charge,0.44692999999999994
b1,0.4468300000000001
sol sous réserve,0.4468
l exploitation agricole,0.4467200000000001
surface des annexes,0.44654
réseaux,0.44614000000000004
infiltration des eaux pluviales,0.44586
résistance mécanique équivalente,0.44573999999999997
air sans création,0.44568
réseau,0.44555000000000006
utilisation du sol,0.4454599999999999
classement,0.4452
intérieur de la construction,0.44451
surface,0.44382
uvre,0.44377999999999995
volume des vérandas,0.44363
capacite,0.44356999999999996
capacité,0.44356999999999996
parcs,0.44327000000000005
mineur,0.44326
constructions et installations,0.4431900000000001
cm au dessus,0.44284999999999997
cm sur une surface maximale,0.44239999999999996
campings et parcs,0.44231999999999994
disposition,0.44112
combustibles,0.44110000000000005
du lit mineur,0.44090999999999997
public,0.44045000000000006
titre de la loi,0.44026
propriétaire,0.44003
objectif,0.4397800000000001
surface maximale,0.43976999999999994
ensemble des ouvertures occultables,0.43972000000000006
obstacle,0.4396299999999999
intérêt général,0.43874
dispositif d'annonces,0.43872999999999995
extension,0.43862000000000007
réserve,0.4386
victimes des catastrophes,0.43818
voies rurales,0.43804999999999994
dispositions de l'article,0.43784
berges,0.43717000000000006
exploitation des campings,0.43709
jusqu,0.43694000000000005
mise en oeuvre,0.43676000000000004
classement de la résistance,0.43671
changement,0.43668000000000007
conditions,0.4364800000000001
plantations d'alignement,0.4360099999999999
résistance mécanique,0.43577000000000005
impact,0.43552
h,0.43532000000000004
secteurs,0.43524
passage,0.43522999999999995
plancher,0.43499
habitation,0.4349400000000001
hydrants,0.4347899999999999
exploitation de carrières,0.43426
conditions de mise,0.43407999999999997
orifices des soupapes,0.43399
installations,0.43393
haies vives,0.43365
sol de façon,0.43346
haute vallée,0.43346
état de catastrophe,0.43335999999999997
refuge,0.43299999999999994
habitations légères de loisirs,0.43274
défense extérieure,0.43255
zone b2,0.43206
mode,0.43147
autorisation en zone,0.43131
norme technique,0.43129000000000006
m d'emprise au sol,0.43039999999999995
implantation,0.43037000000000003
exception,0.43017000000000005
b2,0.43015
nature,0.42999
ru,0.4298
m2,0.42972
entretien des berges,0.42951000000000006
mètres,0.42948
lieux,0.42946
ruissellement pluvial urbain,0.42928999999999995
urbanisation,0.42907
effets,0.42901999999999996
plantations forestières,0.42865000000000003
lit,0.42852000000000007
parcs d'attraction,0.4284800000000001
matériaux de second-oeuvre,0.42844999999999994
objet,0.42824999999999996
réserves aériennes,0.42808999999999997
infiltration des eaux,0.42796
avenue,0.42786
titre ier,0.42783999999999994
visés au paragraphe,0.42776
m1,0.42765000000000003
création de surfaces,0.4272
couverture incluse dans le volume,0.42697
bn,0.42639000000000005
loisirs de plein air,0.42602
reconstruction d'un bâtiment sinistré,0.42584999999999995
libre,0.42565
terrain,0.42565
minimum,0.42546
generales,0.42538
exploitation,0.42530999999999997
règles,0.42529000000000006
dépôts de matériaux,0.42521000000000003
intitulé sont admis,0.42489999999999994
sous,0.42446
balisage permanent du bassin,0.42435999999999996
parcs résidentiels,0.42433000000000004
hydrant,0.42418999999999996
rapport au danger,0.42397
habitations,0.42363999999999996
extension des campings,0.42354
bassin,0.42341999999999996
axe de la voie,0.42329999999999995
stockage des produits,0.42300000000000004
constructions sans changement,0.42275
d hydrocarbures liquides,0.42256
l air libre,0.42235000000000006
servitude d'utilité publique,0.42223000000000005
sens principal du courant,0.42211
piscines,0.42202
dessus du terrain,0.42161
ouvertures occultables,0.4215
d équipements légers,0.42144000000000004
intitulé,0.42133999999999994
face,0.42102000000000006
largeur minimale de la bande,0.4208799999999999
repères d'altitude,0.42076
modifications,0.42067
bu,0.42052000000000006
couverture incluse,0.42000000000000004
création de stocks,0.42000000000000004
lit mineur,0.4196099999999999
changement de destination,0.41917
public à la charge,0.41875999999999997
passage à l air,0.41875
activités temporaires,0.41847
air libre des canalisations,0.41823
sdage,0.4180499999999999
équipements légers,0.41792000000000007
changements de destination,0.41731999999999997
procédure,0.41676
système de balisage,0.41619
minimum à l altitude,0.41584000000000004
vérandas,0.41557000000000005
vulnérabilité du bâti,0.41459
hydrocarbures liquides,0.41450000000000004
volume,0.4141
occupations et activités,0.41339
cas contraire,0.4133300000000001
défense,0.4133
cas de contrainte architecturale majeure,0.41326999999999997
construction par rapport au danger,0.4128900000000001
opération,0.41227
carrières,0.41208
père soulas,0.4117
opérations,0.41164999999999996
canalisations,0.41135
contrainte architecturale majeure,0.41119000000000006
plan,0.41064
livre,0.41037
terrassements,0.40987
dessus,0.40946000000000005
barrage,0.40888
végétal combustible,0.40882000000000007
page,0.40849
objet d'une instruction,0.40844
sous-face,0.40795000000000003
dépôts de matériaux susceptibles,0.40790000000000004
stationnement,0.40702999999999995
cadre,0.40662000000000004
système de balisage permanent,0.40637
mètres minimum,0.40603
cadre des textes,0.40573
sols,0.40509000000000006
activités existants,0.4050299999999999
modification,0.40464
application,0.40456000000000003
ripisylve,0.40428
haies,0.40424999999999994
mise,0.4042199999999999
sol,0.40409999999999996
attraction,0.40407000000000004
atterrissements après procédure d'autorisation,0.40371999999999997
jo,0.40361
commune de montpellier,0.40325000000000005
l alinéa précédent,0.40317
visés,0.40284000000000003
réalisation préalable des prescriptions,0.40248
clauses,0.40182
résistance,0.4008299999999999
niveau,0.40053
circulation publique accessible,0.39990000000000003
schéma,0.39981999999999995
création de stocks de produits,0.39968
façades incluses,0.39966
clôtures légères,0.3993900000000001
puits d'infiltration,0.39933
préjudice de l'application,0.3992
risque,0.39896000000000004
m3,0.39872
véhicule,0.39826999999999996
50cm au dessus,0.39812
surfaces de garages,0.3975700000000001
exécution des techniques,0.39698
techniques,0.39696999999999993
logements,0.39669
infiltration,0.39616
indemnisation des victimes,0.39573
descentes,0.39557000000000003
livre iii,0.39488999999999996
travaux sur le bâti,0.39452999999999994
code,0.39438999999999996
forages,0.39370000000000005
altitude,0.39330999999999994
stockages de produits,0.392
récipients,0.39177
véhicules,0.39168000000000003
constructions,0.39119000000000004
façades,0.39109
instruction de la part,0.39057000000000003
annonces,0.39054
réserves de combustibles,0.39037
balisage,0.38976
contrainte architecturale,0.38886000000000004
caractéristiques suivantes,0.38874
services,0.3882999999999999
mosson,0.38813
sens,0.38778
travaux sur le bâti existant,0.3865799999999999
titre,0.38496
kilos-newtons par essieu,0.3841
reboisement des talus,0.38366
constructions à caractère,0.38337
constructions existantes,0.38335
balisage permanent de façon,0.38324
clapet,0.38323
cas de contrainte architecturale,0.383
capacité de stockage,0.38244
campings et caravanages,0.38166999999999995
plantations,0.38160000000000005
canalisations diverses,0.38132
montpellier,0.38038
berges par reboisement des talus,0.37995000000000007
champs,0.37953000000000003
construction,0.37950999999999996
loisirs,0.37943
caravanages,0.37854
constitution de haies vives,0.37767
hydrocarbures,0.37731000000000003
stockage des produits polluants,0.37706
tournants,0.37689999999999996
risque global,0.37646999999999997
destination,0.37539
balisage permanent,0.37493
projets,0.37466999999999995
circulation publique,0.37360999999999994
rayon intérieur,0.37311
article,0.37310000000000004
jonction entre la toiture,0.37309000000000003
surfaces,0.37163
rayon,0.37121
bac de récupération,0.37101
constitution de haies,0.37061
fêtes,0.36997
chemin,0.36973
publication,0.3691900000000001
ensemble,0.36760999999999994
newtons cm,0.36685
vallée,0.36633000000000004
autorisation,0.36291999999999996
voie ouverte à la circulation,0.3624199999999999
état,0.36063
réserves,0.36018
conditions d'exécution des techniques,0.35917000000000004
desserte,0.35862
construction par rapport,0.35778999999999994
procédure d'autorisation,0.35651
prescriptions techniques générales,0.3557
circulation,0.35557000000000005
reconstruction,0.35311
cas,0.3529
structures sensibles à la corrosion,0.35287999999999997
habitations légères,0.35244
prescriptions constructives,0.35133999999999993
conditions météorologiques,0.35063000000000005
prescriptions,0.35021
interdits,0.34939
bâti,0.34880000000000005
dépôts et stockages,0.34852999999999995
kilos-newtons avec un maximum,0.34720000000000006
campings,0.34707999999999994
voie ouverte à la circulation publique,0.34643000000000007
kilos-newtons,0.34584000000000004
occupations,0.34518
réservoir,0.3372299999999999
campings existants,0.33675999999999995
garages ou pièces,0.33129
base,0.32864
talus,0.32604999999999995
caractère,0.32375000000000004
axe,0.32260999999999995
grabels,0.32208000000000003
constitution,0.32012999999999997
prescriptions techniques,0.31950999999999996
rapport,0.31163
champ,0.31148
animation,0.31110000000000004
constructions à caractère vulnérable,0.3108000000000001
barbecues,0.30744000000000005
réalisation préalable des prescriptions relatives,0.30684
caractère vulnérable,0.3027700000000001
date,0.30144000000000004
barbecues fixes,0.30108999999999997
dépôts,0.29912
débit,0.2985300000000001
stocks de produits,0.29769999999999996
exécution,0.29524
prescriptions relatives à la défense,0.29453999999999997
50m,0.28606000000000004
conditions d'exécution,0.28063000000000005
stockage,0.25831000000000004
stockages,0.25385
zac,0.25382999999999994
