	term	in_umls	rank
0	−	0	1.9789
1	mètres	0	1.9701
2	ru1	0	1.9259
3	écoulement	1	1.4197
4	page	1	1.3135
5	crues	0	1.1232
6	r	1	1.0742
7	terrain naturel	0	1.024
8	accès	0	1.0033
9	voie d'accès	0	0.9443
10	cas contraire	0	0.8612
11	créations	0	0.8489
12	dessus	1	0.8489
13	incendie	1	0.8359
14	cote	0	0.7921
15	forêt	0	0.7762
16	personnes	1	0.7244
17	eaux	0	0.693
18	activités	0	0.692
19	cm au dessus	0	0.6292
20	pprif reglement –	0	0.6014
21	reglement – commune	0	0.6014
22	pprif reglement	0	0.6003
23	reglement –	0	0.6003
24	écoulement des crues	0	0.5964
25	dispositions	0	0.5614
26	crue	0	0.5613
27	objectif	0	0.5613
28	vulnérabilité	0	0.5595
29	dessus du terrain naturel	0	0.5519
30	dessus du terrain	0	0.5504
31	côte	1	0.5398
32	clauses	0	0.528
33	obstacle	0	0.5271
34	montpellier	0	0.5248
35	bn	0	0.5188
36	demi-heure	0	0.5075
37	inondation	1	0.4954
38	expansion	0	0.495
39	circulation	1	0.4776
40	clauses réglementaires	0	0.4638
41	bu1	0	0.4626
42	ru	0	0.4626
43	phe	0	0.4619
44	zone bleue bn	0	0.4529
45	bleue bn	0	0.4507
46	débroussaillement	0	0.4478
47	e	1	0.428
48	danger	0	0.4177
49	durée	1	0.4177
50	feu	1	0.4177
51	mosson	0	0.4095
52	biens	0	0.3958
53	sous-face	0	0.3954
54	incendie de forêt	0	0.391
55	batardeaux …	0	0.3909
56	circulation publique	0	0.3903
57	batardeaux	0	0.3854
58	disposition	1	0.3854
59	père	1	0.3854
60	refuge	0	0.3854
61	étage	0	0.3854
62	haute vallée	0	0.3757
63	matériau	0	0.358
64	risque	1	0.3504
65	plancher	0	0.33
66	canalisations	0	0.3284
67	champ d'inondation	0	0.3151
68	zones rouges r	0	0.3151
69	zones rouges ru	0	0.3151
70	rouges ru	0	0.3135
71	surface habitable	0	0.3135
72	zone bu1	0	0.3135
73	avenue	0	0.309
74	droit	1	0.309
75	lez	0	0.309
76	ra	0	0.309
77	cf	0	0.2983
78	passage	0	0.2983
79	précaution	0	0.2983
80	vulnérabilité du bâtiment	0	0.2979
81	zones rouges	0	0.2979
82	champ	0	0.2972
83	parcs	0	0.2966
84	bleue	0	0.2845
85	b2	0	0.2685
86	conduites	0	0.2685
87	couvertures	0	0.2685
88	ensemble	0	0.2685
89	jo	0	0.2685
90	m1	0	0.2685
91	mo	0	0.2685
92	projets	0	0.2685
93	réserves	0	0.2685
94	résistance	0	0.2685
95	vérandas	0	0.2685
96	produits	0	0.2644
97	stockage	1	0.2644
98	loi	1	0.2643
99	zones inondables	0	0.2641
100	rouges	0	0.2639
101	écoulements	0	0.2631
102	grabels	0	0.2627
103	construction	0	0.2626
104	crue centennale	0	0.2537
105	effets	0	0.2534
106	voie ouverte à la circulation publique	0	0.2413
107	voie ouverte à la circulation	0	0.2412
108	b1	0	0.239
109	distribution	1	0.239
110	air sans création de remblais	0	0.2373
111	dessus de la cote	0	0.2369
112	droit de l aménagement	0	0.2369
113	parcs résidentiels de loisirs	0	0.2369
114	refuge à l étage	0	0.2369
115	air sans création	0	0.2363
116	aménagements ou adaptations	0	0.2363
117	avenue du père	0	0.2363
118	campings et caravanages	0	0.2363
119	campings et parcs	0	0.2363
120	création de logements	0	0.2363
121	créations de campings	0	0.2363
122	créations de logements	0	0.2363
123	côte de phe	0	0.2363
124	dispositif d'annonces	0	0.2363
125	exploitation des campings	0	0.2363
126	extension des sous	0	0.2363
127	obstacle aux écoulements	0	0.2363
128	reconstructions de bâtiments	0	0.2363
129	sous-face des planchers	0	0.2363
130	sécurité des biens	0	0.2363
131	parcs résidentiels	0	0.235
132	père soulas	0	0.235
133	constructions et ouvrages	0	0.2322
134	cote de phe	0	0.2322
135	écoulement des eaux	0	0.232
136	étude hydraulique	0	0.232
137	mesures compensatoires	0	0.2318
138	adaptations	0	0.2317
139	bh	0	0.2317
140	reconstructions	0	0.2317
141	rm	0	0.2317
142	soulas	0	0.2317
143	référence	0	0.2311
144	existants	0	0.231
145	aménagement	0	0.2308
146	réserve	1	0.2297
147	terrain	0	0.2295
148	eau en crue centennale	0	0.2272
149	prévention des risques naturels	0	0.2272
150	eau en crue	0	0.2266
151	prévention des risques	0	0.2266
152	phenomene inondation	0	0.2255
153	particulier	0	0.2224
154	sécurité des constructions existantes	0	0.2106
155	accueil du public	0	0.2104
156	sécurité des constructions	0	0.2104
157	risque global	0	0.21
158	bois	1	0.2088
159	charge	0	0.2088
160	défense	1	0.2088
161	gouttières	0	0.2088
162	icpe	0	0.2088
163	opérations	0	0.2088
164	réseau	1	0.2088
165	zac	0	0.2088
166	travaux	0	0.2025
167	amont et aval	0	0.1992
168	sécurité des personnes	0	0.1992
169	expansion des crues	0	0.1991
170	niveau du terrain	0	0.199
171	niveau du terrain naturel	0	0.199
172	zone bleue bu	0	0.199
173	obstacle à l écoulement	0	0.1989
174	zone rouge	0	0.1987
175	aléa	0	0.1986
176	changement de destination	0	0.1986
177	cote de p	0	0.1986
178	amont	0	0.1983
179	aval	0	0.1983
180	oeuvre	0	0.1983
181	compte	0	0.1982
182	ruissellement	0	0.1982
183	terrassements	0	0.1982
184	dépôts	0	0.198
185	remblais	0	0.198
186	changement	1	0.1978
187	ecoulement	1	0.1978
188	sols	1	0.1978
189	bâti	0	0.1975
190	logements	0	0.1975
191	rouge	1	0.1975
192	modifications	0	0.1972
193	–	0	0.1941
194	zone	1	0.189
195	cas	0	0.1887
196	cm	0	0.1817
197	mise en sécurité des constructions	0	0.1809
198	axe de la voie	0	0.1808
199	charge du propriétaire	0	0.1806
200	conduites et canalisations	0	0.1806
201	débouché en toiture	0	0.1806
202	gouttières et descentes	0	0.1806
203	mur de protection	0	0.1806
204	revêtements de couvertures	0	0.1806
205	volume des vérandas	0	0.1806
206	étude de risque	0	0.1806
207	défense extérieure	0	0.1803
208	eau réglementaire	0	0.1803
209	façades incluses	0	0.1803
210	livre iii	0	0.1803
211	matériaux m1	0	0.1803
212	partie supérieure	0	0.1803
213	barbecues	0	0.1793
214	calcul	1	0.1793
215	catégorie	0	0.1793
216	chemin	0	0.1793
217	clapet	0	0.1793
218	classement	1	0.1793
219	code	0	0.1793
220	continuité	0	0.1793
221	descentes	0	0.1793
222	desserte	0	0.1793
223	débouché	0	0.1793
224	enfouissement	0	0.1793
225	enveloppes	0	0.1793
226	kilos-newtons	0	0.1793
227	livre	0	0.1793
228	lutte	1	0.1793
229	maximum	0	0.1793
230	mode	0	0.1793
231	ouvertures	0	0.1793
232	profondeur	0	0.1793
233	propriétaire	0	0.1793
234	rayon	0	0.1793
235	retournement	0	0.1793
236	tournants	0	0.1793
237	véhicule	0	0.1793
238	zones	0	0.1684
239	impératifs d'écoulement des crues	0	0.166
240	impératifs d'écoulement	0	0.1658
241	mesures de prévention	0	0.1658
242	obstacle à l'écoulement	0	0.1658
243	cas de contrainte architecturale majeure	0	0.1657
244	conséquences amont	0	0.1657
245	cas de contrainte architecturale	0	0.1656
246	cas de contrainte	0	0.1655
247	contrainte architecturale majeure	0	0.1655
248	modifications de constructions	0	0.1655
249	vulnérabilité du bâti	0	0.1655
250	zone inondable	0	0.1654
251	contrainte architecturale	0	0.1652
252	emprise	0	0.1652
253	façon	0	0.1652
254	lit	0	0.1652
255	maître	0	0.1652
256	impératifs	0	0.1651
257	intérêt	0	0.1651
258	surfaces	0	0.1651
259	capacite	0	0.1649
260	interdits	0	0.1649
261	reconstruction	1	0.1649
262	contrainte	0	0.1643
263	constructions	0	0.1625
264	cote de référence	0	0.1591
265	eaux pluviales	0	0.1589
266	atterrissements après procédure d'autorisation	0	0.1583
267	constructions avec changement de destination	0	0.1583
268	eaux en cas de crue	0	0.1583
269	modification de murs de clôtures	0	0.1583
270	modifications de constructions avec changement	0	0.1583
271	murs de clôtures sous réserve	0	0.1583
272	reconstruction d'un bâtiment sinistré	0	0.1583
273	modification	1	0.1582
274	amélioration de la qualité	1	0.1581
275	dehors de la période	0	0.1581
276	diminution de la vulnérabilité	0	0.1581
277	eau pour la crue	0	0.1581
278	intérieur de la zone	0	0.1581
279	reconstruction d'un bâtiment	0	0.1581
280	supérieure au terrain naturel	0	0.1581
281	activites	0	0.158
282	vulnerabilite	0	0.158
283	50m	0	0.1577
284	vallée	0	0.1577
285	50cm au dessus	0	0.1576
286	cause du sinistre	0	0.1576
287	clôtures sous réserve	0	0.1576
288	commune de montpellier	0	0.1576
289	constructions avec changement	0	0.1576
290	création de surfaces	0	0.1576
291	d activités pérennes	0	0.1576
292	d aléa indifférencié	0	0.1576
293	modification de murs	0	0.1576
294	murs de clôtures	0	0.1576
295	phe soit transparente	0	0.1576
296	procédure d'autorisation	0	0.1576
297	supérieure au terrain	0	0.1576
298	surface des annexes	0	0.1576
299	zone bleue bh	0	0.1576
300	zone rouge ru	0	0.1576
301	zones inondables naturelles	0	0.1576
302	activités pérennes	0	0.1568
303	aléa fort	0	0.1568
304	aléa indifférencié	0	0.1568
305	barbacanes …	0	0.1568
306	bâtiment sinistré	0	0.1568
307	clauses suivantes	0	0.1568
308	portails ajourés	0	0.1568
309	rouge ru	0	0.1568
310	zone violette	0	0.1568
311	10pour	0	0.1546
312	50cm	0	0.1546
313	barbacanes	0	0.1546
314	cause	1	0.1546
315	contraire	0	0.1546
316	diminution	0	0.1546
317	grillages	0	0.1546
318	moulins	0	0.1546
319	naturel	1	0.1546
320	portails	0	0.1546
321	situation	0	0.1546
322	supérieure	0	0.1546
323	vue	1	0.1546
324	plan de prévention des risques	0	0.1515
325	changement de l usage	0	0.1513
326	cote de la phe	0	0.1513
327	en-dessous de la cote	0	0.1513
328	fin des dispositions générales	0	0.1513
329	capacite d expansion	0	0.1509
330	crues après étude	0	0.1509
331	du libre ecoulement	0	0.1509
332	fin des dispositions	0	0.1509
333	la capacite d	0	0.1509
334	reduire ou supprimer	0	0.1509
335	régulation des crues	0	0.1509
336	securite des personnes	0	0.1509
337	types de zones	0	0.1509
338	usage des locaux	0	0.1509
339	utilisation du sol	0	0.1509
340	vulnerabilite des biens	0	0.1509
341	code de l urbanisme	0	0.1504
342	constructions existantes	0	0.1504
343	passage à l air	0	0.1504
344	incendies de forêt	0	0.1503
345	maintien en état	0	0.1503
346	règles de construction	0	0.1503
347	zone de précaution	0	0.1503
348	dispositions générales	0	0.1502
349	eau supérieure	0	0.1502
350	hauteur inférieure	0	0.1502
351	libre ecoulement	0	0.1502
352	ouvrages hydrauliques	0	0.1502
353	zones bleues	0	0.1502
354	volume	0	0.1501
355	annexe	0	0.1491
356	hydrants	0	0.1491
357	incendies	1	0.1491
358	combaillaux	0	0.1481
359	fin	1	0.1481
360	georges	0	0.1481
361	hydraulique	0	0.1481
362	juvignac	0	0.1481
363	lame	0	0.1481
364	montarnaud	0	0.1481
365	murles	0	0.1481
366	orques	0	0.1481
367	reduire	0	0.1481
368	ruisseaux	0	0.1481
369	régulation	0	0.1481
370	supprimer	0	0.1481
371	types	0	0.1481
372	usage	0	0.1481
373	utilisation	0	0.1481
374	vailhauquès	0	0.1481
375	p	1	0.1349
376	emprise au sol	0	0.1326
377	entretien du lit	0	0.1326
378	et ouvrages existants	0	0.1326
379	balisage permanent	0	0.1325
380	cas de crue	0	0.1325
381	lit mineur	0	0.1325
382	bleue bu	0	0.1324
383	ouvrages existants	0	0.1324
384	aménagements sportifs	0	0.1321
385	application	1	0.1321
386	autorisation	0	0.1321
387	balisage	0	0.1321
388	piscines	1	0.1321
389	sdage	0	0.1321
390	équipements légers	0	0.1321
391	bu	0	0.1319
392	clôtures	0	0.1319
393	orientations	0	0.1319
394	procédure	1	0.1319
395	augmentation	0	0.1317
396	capacité	1	0.1317
397	dispositif	1	0.1317
398	libre	0	0.1317
399	planchers	1	0.1317
400	activite	0	0.1314
401	animation	0	0.1314
402	inondations	1	0.1314
403	intérêt général	1	0.1271
404	modes culturaux	0	0.1271
405	eviter	0	0.1266
406	modes	0	0.1266
407	phenomene	0	0.1266
408	lieux	0	0.1265
409	secteurs	0	0.1262
410	bande	0	0.1251
411	création	1	0.1213
412	mode de calcul	0	0.1203
413	réserves de combustibles	0	0.1203
414	travaux de mise	0	0.1203
415	zone de danger	0	0.1203
416	zones de danger	0	0.1203
417	cinquante mètres	0	0.1201
418	locaux techniques	0	0.1201
419	mètres maximum	0	0.1201
420	précaution forte	0	0.1201
421	titre ier	0	0.1201
422	zone b1	0	0.1201
423	zone b2	0	0.1201
424	accessibilité	0	0.1194
425	base	1	0.1194
426	cinquante	0	0.1194
427	combustibles	0	0.1194
428	hydrant	0	0.1194
429	m3	0	0.1194
430	par	1	0.1194
431	propriétaires	0	0.1194
432	vacances	1	0.1194
433	eau	1	0.1165
434	mesures	1	0.1144
435	minimum	0	0.1144
436	intérieur	1	0.1126
437	public	0	0.1126
438	nature	1	0.1101
439	sécurité	1	0.1009
440	approbation du ppr	0	0.0996
441	balisage permanent du bassin	0	0.0996
442	biens et activités	0	0.0996
443	conséquences d'une crue	0	0.0996
444	et ouvrages nouveaux	0	0.0996
445	extension des bâtiments	0	0.0996
446	impact sur l'écoulement	0	0.0996
447	maître d'ouvrage	0	0.0996
448	parcs de stationnement des véhicules	0	0.0996
449	réalisation de petites voiries	0	0.0996
450	réalisation de réseaux	0	0.0996
451	services de secours	0	0.0996
452	stationnement des véhicules	0	0.0996
453	stockage des eaux	0	0.0996
454	stockages de produits dangereux	0	0.0996
455	utilisations du sol	0	0.0996
456	visés au paragraphe	0	0.0996
457	équipements d'intérêt général	0	0.0996
458	constructions sans changement de destination	0	0.0995
459	conséquences d'une crue exceptionnelle	0	0.0995
460	création ou modification	0	0.0995
461	dépôts de matériaux	0	0.0995
462	dépôts et stockages	0	0.0995
463	expansion des eaux	0	0.0995
464	intitulé sont admis	0	0.0995
465	loisirs de plein air	0	0.0995
466	maintien du libre	0	0.0995
467	modifications de constructions sans changement	0	0.0995
468	occupations et activités	0	0.0995
469	parcs d'attraction	0	0.0995
470	parcs de stationnement	0	0.0995
471	petites voiries	0	0.0995
472	petites voiries secondaires	0	0.0995
473	pistes cyclables	0	0.0995
474	protection contre les inondations	0	0.0995
475	préconisations du sdage	0	0.0995
476	présent règlement	0	0.0995
477	stockages de produits	0	0.0995
478	traitements de façades	0	0.0995
479	travaux d'aménagements sportifs	0	0.0995
480	travaux d'entretien	0	0.0995
481	voies piétonnes	0	0.0995
482	équipements d'intérêt	0	0.0995
483	activités temporaires	0	0.0994
484	campings existants	0	0.0994
485	conditions météorologiques	1	0.0994
486	constructions sans changement	0	0.0994
487	création de remblais	0	0.0994
488	d équipements légers	0	0.0994
489	dispositions des arrêtés	0	0.0994
490	eaux de crues	0	0.0994
491	fêtes foraines	0	0.0994
492	gestion courants	0	0.0994
493	produits dangereux	1	0.0994
494	travaux d'aménagements	0	0.0994
495	voiries secondaires	0	0.0994
496	caractère vulnérable	0	0.0992
497	carrières	0	0.0992
498	crue exceptionnelle	0	0.0992
499	endiguements	0	0.0992
500	gros uvre	0	0.0992
501	intitulé	0	0.0992
502	limite	1	0.0992
503	ouvrage	0	0.0992
504	paragraphe	0	0.0992
505	pistes	0	0.0992
506	plein air	0	0.0992
507	publication	1	0.0992
508	ripisylve	0	0.0992
509	utilisations	0	0.0992
510	visés	0	0.0992
511	voies rurales	0	0.0992
512	voiries	0	0.0992
513	admis	0	0.099
514	assainissement	1	0.099
515	attraction	0	0.099
516	forages	0	0.099
517	fêtes	1	0.099
518	generales	0	0.099
519	impact	0	0.099
520	occupations	0	0.099
521	préconisations	0	0.099
522	rétention	1	0.099
523	stockages	0	0.099
524	traitements	0	0.099
525	annonces	0	0.0988
526	caractère	1	0.0988
527	caravanages	0	0.0988
528	champs	0	0.0988
529	incidence	1	0.0988
530	ouverture	1	0.0988
531	sens	1	0.0988
532	sinistre	0	0.0988
533	sous	1	0.0988
534	mise en securite	0	0.0953
535	dispositions constructives	0	0.0951
536	reduction	0	0.0949
537	récipients	0	0.0949
538	securite	0	0.0949
539	communes	0	0.0947
540	en-dessous	0	0.0947
541	bac de récupération des cendres	0	0.0903
542	cm sur une surface maximale	0	0.0903
543	conditions de mise en sécurité	0	0.0903
544	construction par rapport au danger	0	0.0903
545	couverture incluse dans le volume	0	0.0903
546	critère de réaction au feu	0	0.0903
547	entrée principale de la construction	0	0.0903
548	force portante pour un véhicule	0	0.0903
549	largeur minimale de la bande	0	0.0903
550	mur de protection en maçonnerie	0	0.0903
551	mur de protection en maçonnerie pleine	0	0.0903
552	partie combustible à la jonction	0	0.0903
553	terrains en nature de bois	0	0.0903
554	travaux de mise en sécurité	0	0.0903
555	classement de la résistance	0	0.0902
556	cm sur une surface	0	0.0902
557	danger de l icpe	0	0.0902
558	débouché en toiture jusqu	0	0.0902
559	ensemble de la zone	0	0.0902
560	ensemble des ouvertures occultables	0	0.0902
561	intérieur de la construction	0	0.0902
562	jonction entre la toiture	0	0.0902
563	kilos-newtons avec un maximum	0	0.0902
564	lutte contre l incendie	0	0.0902
565	norme technique de classement	0	0.0902
566	pare-étincelles en partie supérieure	0	0.0902
567	protection en maçonnerie pleine	0	0.0902
568	public à la charge	0	0.0902
569	rayon intérieur des tournants	0	0.0902
570	réserves de combustibles extérieures	0	0.0902
571	sdis de l hérault	0	0.0902
572	support continu en matériau	0	0.0902
573	autre élément incombustible	0	0.0901
574	bac de récupération	0	0.0901
575	bande de roulement	0	0.0901
576	circulation publique accessible	0	0.0901
577	citernes ou réserves	0	0.0901
578	classification des matériaux	0	0.0901
579	conditions de mise	0	0.0901
580	construction par rapport	0	0.0901
581	critère de réaction	0	0.0901
582	d hydrocarbures liquides	0	0.0901
583	demi-heure et actionnables	0	0.0901
584	débroussaillement et maintien	0	0.0901
585	enfouissement des citernes	0	0.0901
586	ensemble des ouvertures	0	0.0901
587	ensemble des travaux	0	0.0901
588	enveloppes des bâtiments	0	0.0901
589	feu des matériaux	0	0.0901
590	habitations et bâtiments	0	0.0901
591	jusqu au niveau	0	0.0901
592	jusqu aux constructions	0	0.0901
593	kilos-newtons par essieu	0	0.0901
594	matériau ou végétal	0	0.0901
595	murs en dur	0	0.0901
596	mètres de hauteur	0	0.0901
597	nature de bois	0	0.0901
598	orifices des soupapes	0	0.0901
599	panneaux de bois	0	0.0901
600	pare-étincelles en partie	0	0.0901
601	point de retournement	0	0.0901
602	prescriptions techniques générales	0	0.0901
603	profondeur de débroussaillement	0	0.0901
604	protection en maçonnerie	0	0.0901
605	rapport au danger	0	0.0901
606	revêtements de façades	0	0.0901
607	réaction au feu	0	0.0901
608	récupération des cendres	0	0.0901
609	réseau de distribution	0	0.0901
610	résistance au feu	0	0.0901
611	résistance au poinçonnement	0	0.0901
612	résistance mécanique équivalente	0	0.0901
613	sol rocheux …	0	0.0901
614	soupapes de sécurité	0	0.0901
615	terrains en nature	0	0.0901
616	véhicules de lutte	0	0.0901
617	zones de précaution	0	0.0901
618	arrêtés ministériels	0	0.0899
619	barbecues fixes	0	0.0899
620	canalisations diverses	0	0.0899
621	caractéristiques suivantes	0	0.0899
622	catégorie m1	0	0.0899
623	catégorie mo	0	0.0899
624	citernes jusqu	0	0.0899
625	combustibles extérieures	0	0.0899
626	conduits extérieurs	0	0.0899
627	couverture incluse	0	0.0899
628	entrée principale	0	0.0899
629	feu mo	0	0.0899
630	habitations légères	0	0.0899
631	hauteur libre	0	0.0899
632	hydrocarbures liquides	0	0.0899
633	largeur minimale	0	0.0899
634	matériau mo	0	0.0899
635	maçonnerie pleine	0	0.0899
636	mètres minimum	0	0.0899
637	newtons cm	0	0.0899
638	norme technique	0	0.0899
639	ouvertures occultables	0	0.0899
640	partie combustible	0	0.0899
641	pente inférieure	0	0.0899
642	placette circulaire	0	0.0899
643	plantations forestières	0	0.0899
644	prescriptions constructives	0	0.0899
645	prescriptions techniques	0	0.0899
646	pression dynamique	0	0.0899
647	rayon intérieur	0	0.0899
648	réserves aériennes	0	0.0899
649	résistance mécanique	0	0.0899
650	sol rocheux	0	0.0899
651	support continu	0	0.0899
652	surface maximale	0	0.0899
653	toiture jusqu	0	0.0899
654	voies carrossables	0	0.0899
655	végétal combustible	0	0.0899
656	élément incombustible	0	0.0899
657	actionnables	0	0.0894
658	alimentation	1	0.0894
659	aplomb	0	0.0894
660	applicables	0	0.0894
661	autrui	0	0.0894
662	auvents	0	0.0894
663	bac	0	0.0894
664	bandes	1	0.0894
665	bar	0	0.0894
666	bouche	1	0.0894
667	caractéristiques	0	0.0894
668	caravanes	0	0.0894
669	cartographie	1	0.0894
670	cecm	0	0.0894
671	cendres	1	0.0894
672	classification	1	0.0894
673	comité	0	0.0894
674	conduits	0	0.0894
675	contact	0	0.0894
676	couverture	1	0.0894
677	critère	0	0.0894
678	ddaf	0	0.0894
679	distance	1	0.0894
680	dur	1	0.0894
681	décembre	0	0.0894
682	dépendance	1	0.0894
683	engins	0	0.0894
684	entrée	1	0.0894
685	essieu	0	0.0894
686	extérieur	1	0.0894
687	forêts	1	0.0894
688	février	0	0.0894
689	garrigues	0	0.0894
690	hérault	0	0.0894
691	interface	0	0.0894
692	jointures	0	0.0894
693	jonction	1	0.0894
694	landes	0	0.0894
695	largeur	1	0.0894
696	maquis	0	0.0894
697	maçonnerie	0	0.0894
698	newtons	0	0.0894
699	norme	0	0.0894
700	normes	1	0.0894
701	orifices	0	0.0894
702	panneaux	0	0.0894
703	pare-étincelles	0	0.0894
704	pente	0	0.0894
705	placette	0	0.0894
706	poinçonnement	0	0.0894
707	poteau	0	0.0894
708	prise	1	0.0894
709	projet	0	0.0894
710	propriété	1	0.0894
711	reboisements	0	0.0894
712	roulement	0	0.0894
713	réaction	0	0.0894
714	récupération	0	0.0894
715	sdis	0	0.0894
716	soupapes	0	0.0894
717	support	1	0.0894
718	suppression	0	0.0894
719	terrains	0	0.0894
720	traversée	0	0.0894
721	té	0	0.0894
722	voirie	0	0.0894
723	végétal	1	0.0894
724	végétation	0	0.0894
725	élément	1	0.0894
726	éléments	1	0.0894
727	épaisseur	0	0.0894
728	étincelles	0	0.0894
729	entretien	1	0.0881
730	extension	1	0.0881
731	bâtiment	1	0.0813
732	conséquences	0	0.0813
733	implantation	1	0.0813
734	prévention	1	0.0813
735	aménagements	0	0.0812
736	campings	0	0.0812
737	hauteur d'eau pour la crue	0	0.0793
738	hauteurs d'eau pour la crue	0	0.0793
739	intensité anormale d'un agent naturel	0	0.0793
740	mur de soubassement d'une hauteur	0	0.0793
741	serres nécessaires à l'activité agricole	0	0.0793
742	activités pérennes à caractère vulnérable	0	0.0792
743	champs d'expansion des crues	0	0.0792
744	cm audessus du terrain naturel	0	0.0792
745	dispositif d'annonces de crues	0	0.0792
746	intensité anormale d'un agent	0	0.0792
747	intérieur de la zone inondable	0	0.0792
748	mesures de prévention en conséquence	0	0.0792
749	place de systèmes d'étanchéité	0	0.0792
750	plan d'occupation des sols	0	0.0792
751	serres nécessaires à l'activité	0	0.0792
752	systèmes d'étanchéité du bâtiment	0	0.0792
753	travaux de terrassement en vue	0	0.0792
754	zones inondables en bordure sud-ouest	0	0.0792
755	activités pérennes au dessus	0	0.079
756	activités pérennes à caractère	0	0.079
757	altitude de la p	0	0.079
758	aménagements à caractère vulnérable	0	0.079
759	an après l'approbation	0	0.079
760	axe de l avenue	0	0.079
761	axes d'écoulement préférentiel	0	0.079
762	bassins de rétention actuels	0	0.079
763	caractère vulnérable par rapport	0	0.079
764	cm audessus du terrain	0	0.079
765	création de logements supplémentaires	0	0.079
766	dessous de la côte	0	0.079
767	droit de la parcelle	0	0.079
768	délai d'un an	0	0.079
769	endessous de la cote	0	0.079
770	exception des aménagements sportifs	0	0.079
771	exception des clauses suivantes	0	0.079
772	expansion de crue identique	0	0.079
773	fonctionnement de la zone	0	0.079
774	incidence sur les écoulements	0	0.079
775	intérêt patrimonial de type	0	0.079
776	minimum à la côte	0	0.079
777	nature de la procédure	0	0.079
778	secteurs correspondants aux moulins	0	0.079
779	soubassement d'une hauteur	0	0.079
780	territoire de la commune	0	0.079
781	traitement éventuels des eaux	0	0.079
782	urbanisme de la commune	0	0.079
783	zones inondables en bordure	0	0.079
784	écoulement préférentiel en cas	0	0.079
785	équipements légers d'animation	0	0.079
786	état initial de bâtiments	0	0.079
787	absence de schéma	0	0.0788
788	alerte aux crues	0	0.0788
789	aménagements à caractère	0	0.0788
790	assainissement pluvial communal	0	0.0788
791	bassins de rétention	0	0.0788
792	bâtiments d'habitations	0	0.0788
793	cas d'inondation	0	0.0788
794	cas de débordement	0	0.0788
795	champs d'expansion	0	0.0788
796	confluence du lez	0	0.0788
797	constructions ou aménagements	0	0.0788
798	cote du point	0	0.0788
799	création de remblai	0	0.0788
800	d aléa fort	0	0.0788
801	dessus du niveau	0	0.0788
802	déclaration ou autorisation	0	0.0788
803	exception des aménagements	0	0.0788
804	exception des clauses	0	0.0788
805	expansion de crue	0	0.0788
806	face des planchers	0	0.0788
807	face du plancher	0	0.0788
808	hauteur d'eau	0	0.0788
809	hauteurs d'eau	0	0.0788
810	modifications de construction	0	0.0788
811	moulins du lez	0	0.0788
812	part des services	0	0.0788
813	plan d'alerte	0	0.0788
814	plan d'occupation	0	0.0788
815	plastique sur arceaux	0	0.0788
816	procédure au titre	0	0.0788
817	présent règlement fixe	0	0.0788
818	rapport aux inondations	0	0.0788
819	reconstruction en vue	0	0.0788
820	risques d'inondabilité	0	0.0788
821	risques d'inondation	0	0.0788
822	ruisseau des aiguerelles	0	0.0788
823	ruissellement de surface	0	0.0788
824	serres-tunnel ou plastique	0	0.0788
825	situation avant aménagement	0	0.0788
826	systèmes d'étanchéité	0	0.0788
827	tels que sanitaires	0	0.0788
828	terrassement en vue	0	0.0788
829	type monument historique	0	0.0788
830	volumes de ruissellement	0	0.0788
831	vulnérabilité des biens	0	0.0788
832	zone bleue bu1	0	0.0788
833	zone rouge ra	0	0.0788
834	zone rouge rm	0	0.0788
835	zones rouges rm	0	0.0788
836	activités industrielles	0	0.0784
837	altitudes normales	0	0.0784
838	aménagement paysager	0	0.0784
839	assainissement pluvial	0	0.0784
840	basse vallée	0	0.0784
841	bleue bh	0	0.0784
842	bordure sud-ouest	0	0.0784
843	bureau eau	0	0.0784
844	calée 50cm	0	0.0784
845	cm audessus	0	0.0784
846	crue identique	0	0.0784
847	domaine bonnier	0	0.0784
848	infrastructures linéaires	0	0.0784
849	intensité anormale	0	0.0784
850	intérêt historique	0	0.0784
851	intérêt patrimonial	0	0.0784
852	logements supplémentaires	0	0.0784
853	monument historique	0	0.0784
854	monuments historiques	0	0.0784
855	rouge ra	0	0.0784
856	rouge rm	0	0.0784
857	règlement fixe	0	0.0784
858	rétention actuels	0	0.0784
859	secteur ra	0	0.0784
860	secteurs correspondants	0	0.0784
861	type monument	0	0.0784
862	zone ra	0	0.0784
863	zones bu	0	0.0784
864	zones ra	0	0.0784
865	état initial	0	0.0784
866	20pour	0	0.0773
867	30m	0	0.0773
868	absence	0	0.0773
869	aiguerelles	0	0.0773
870	basse	0	0.0773
871	bonnier	0	0.0773
872	bureau	0	0.0773
873	confluence	0	0.0773
874	dessous	1	0.0773
875	destruction	1	0.0773
876	domaine	0	0.0773
877	débordement	0	0.0773
878	dégradation	0	0.0773
879	endessous	0	0.0773
880	esthétique	1	0.0773
881	faisabilité	0	0.0773
882	interdiction	0	0.0773
883	monument	0	0.0773
884	monuments	0	0.0773
885	origine	0	0.0773
886	parcelle	0	0.0773
887	parcelles	0	0.0773
888	plastique	1	0.0773
889	remblai	0	0.0773
890	ruisseau	0	0.0773
891	réhabilitation	0	0.0773
892	révision	1	0.0773
893	sanitaires	0	0.0773
894	secteur	0	0.0773
895	serres-tunnel	0	0.0773
896	type	0	0.0773
897	un	1	0.0773
898	violette	1	0.0773
899	anormale d'un agent naturel	0	0.0761
900	bande de 10m en bordure	0	0.0761
901	consommation individuelle sous réserve qu	0	0.0761
902	mise en sécurité au regard	0	0.0761
903	parc de stationnement des véhicules	0	0.0761
904	protection indispensables à la régulation	0	0.0761
905	prévention des risques naturels prévisibles	0	0.0761
906	recommandations relatives aux dispositions constructives	0	0.0761
907	risque prévisible pour la crue	0	0.0761
908	stockage de produits polluants nécessaires	0	0.0761
909	écoulement préférentiel des eaux débordées	0	0.0761
910	50m en crue centennale	0	0.0759
911	altitude de la phe	0	0.0759
912	an après l approbation	0	0.0759
913	anormale d'un agent	0	0.0759
914	cadre de constructions nouvelles	0	0.0759
915	consommation individuelle sous réserve	0	0.0759
916	constructions existantes sous réserve	0	0.0759
917	effets de l inondation	0	0.0759
918	extension de constructions existantes	0	0.0759
919	habitations dans la limite	0	0.0759
920	niveau de la sous-face	0	0.0759
921	opération d'urbanisation nouvelle	0	0.0759
922	recommandations relatives aux dispositions	0	0.0759
923	régime général de garantie	0	0.0759
924	rétention des eaux pluviales	0	0.0759
925	stockage de produits polluants	0	0.0759
926	types de zones bleues	0	0.0759
927	types de zones rouge	0	0.0759
928	usage des locaux sauf	0	0.0759
929	vulnérabilité du bâtiment luimême	0	0.0759
930	véhicules sous réserve qu	0	0.0759
931	écoulement préférentiel des eaux	0	0.0759
932	énergie des crues qu	0	0.0759
933	– alerte aux crues	0	0.0759
934	10m en bordure	0	0.0757
935	50m en crue	0	0.0757
936	autorisation au titre	0	0.0757
937	bande de 10m	0	0.0757
938	champ de dispersion	0	0.0757
939	communes de montarnaud	0	0.0757
940	d eau supérieure	0	0.0757
941	d écoulement préférentiel	0	0.0757
942	de la capacite	0	0.0757
943	des effets induits	0	0.0757
944	dispositions constructives relatives	0	0.0757
945	eau et environnement	0	0.0757
946	equipement service urbanisme	0	0.0757
947	exploitation des cam	0	0.0757
948	extension de constructions	0	0.0757
949	herault direction departementale	0	0.0757
950	intérêt général indispensables	0	0.0757
951	l activité agricole	0	0.0757
952	l inondation centennale	0	0.0757
953	la zone bleue	0	0.0757
954	limitation des effets	0	0.0757
955	locaux sauf s	0	0.0757
956	m de part	0	0.0757
957	orientation du sdage	0	0.0757
958	ouvrages de protection	0	0.0757
959	parc de stationnement	0	0.0757
960	pings et caravanages	0	0.0757
961	produits polluants nécessaires	0	0.0757
962	rétention des eaux	0	0.0757
963	secours en cas	0	0.0757
964	stockage de produits	0	0.0757
965	surface des planchers	0	0.0757
966	territoire des communes	0	0.0757
967	travaux et installations	0	0.0757
968	uvre des dégats	0	0.0757
969	énergie des crues	0	0.0757
970	– la zone	0	0.0757
971	axe	0	0.0754
972	bâtiment luimême	0	0.0754
973	consommation individuelle	0	0.0754
974	crues qu	0	0.0754
975	direction departementale	0	0.0754
976	documents graphiques	0	0.0754
977	eaux débordées	0	0.0754
978	effets induits	0	0.0754
979	endiguements sauf	0	0.0754
980	equipement service	0	0.0754
981	herault direction	0	0.0754
982	jusqu	0	0.0754
983	locaux sauf	0	0.0754
984	normales ign	0	0.0754
985	protection indispensables	0	0.0754
986	recommandations relatives	0	0.0754
987	risque prévisible	0	0.0754
988	secteurs naturels	0	0.0754
989	st georges	0	0.0754
990	terrain nature	0	0.0754
991	urbanisation nouvelle	0	0.0754
992	zone blanche	0	0.0754
993	zones naturelles	0	0.0754
994	zones rouge	0	0.0754
995	– alerte	0	0.0754
996	– travaux	0	0.0754
997	− ετ	0	0.0754
998	10m	0	0.0743
999	aedificandi	0	0.0743
1000	agréments	0	0.0743
1001	anormale	0	0.0743
1002	cam	1	0.0743
1003	conditions	0	0.0743
1004	consommation	1	0.0743
1005	courants	0	0.0743
1006	departement	0	0.0743
1007	departementale	0	0.0743
1008	dispersion	1	0.0743
1009	documents	0	0.0743
1010	dégats	0	0.0743
1011	elaboration	0	0.0743
1012	herault	0	0.0743
1013	hll	0	0.0743
1014	induits	0	0.0743
1015	jardins	0	0.0743
1016	limitation	1	0.0743
1017	normales	0	0.0743
1018	orientation	1	0.0743
1019	parc	0	0.0743
1020	pings	0	0.0743
1021	place	0	0.0743
1022	règlement	0	0.0743
1023	s	1	0.0743
1024	saint	1	0.0743
1025	st	0	0.0743
1026	énergie	0	0.0743
1027	étanches	0	0.0743
1028	ετ	0	0.0743
1029	ouvrages	0	0.0713
1030	sol	1	0.0713
1031	zone bleue	0	0.0713
1032	étude	1	0.0713
1033	mise	0	0.0675
1034	niveau	0	0.0675
1035	augmentation de la capacité	0	0.0664
1036	berges par reboisement des talus	0	0.0664
1037	capacité de stockage des eaux	0	0.0664
1038	constitution de haies vives	0	0.0664
1039	dispositions de l'article	0	0.0664
1040	entretien du lit mineur	0	0.0664
1041	entretien sélectif de la ripisylve	0	0.0664
1042	lit mineur par déboisement	0	0.0664
1043	lit mineur par déboisement sélectif	0	0.0664
1044	loi sur l'eau	0	0.0664
1045	mesures compensatoires de nature	0	0.0664
1046	oeuvre sous la responsabilité	0	0.0664
1047	valeur vénale des biens	0	0.0664
1048	écoulement sous forme de barrage	0	0.0664
1049	accueil sous réserve qu	0	0.0663
1050	activités existants	0	0.0663
1051	aménagements sur l écoulement	0	0.0663
1052	annexes	0	0.0663
1053	atterrissements après procédure	0	0.0663
1054	berges par reboisement	0	0.0663
1055	bâtiments d'activités	0	0.0663
1056	bâtiments d'habitation existants	0	0.0663
1057	capacité de stockage	0	0.0663
1058	constitution de haies	0	0.0663
1059	du lit mineur	0	0.0663
1060	déboisement sélectif	0	0.0663
1061	enlèvement des atterrissements	0	0.0663
1062	entretien des berges	0	0.0663
1063	entretien sélectif	0	0.0663
1064	extension de bâtiments d'habitation	0	0.0663
1065	extension de bâtiments d'habitation existants	0	0.0663
1066	forme de barrage	0	0.0663
1067	habitation existants dans la limite	0	0.0663
1068	haies vives	0	0.0663
1069	hautes eaux	0	0.0663
1070	incidence sur l écoulement	0	0.0663
1071	m d'emprise au sol	0	0.0663
1072	minimum à la cote	0	0.0663
1073	mise en oeuvre	0	0.0663
1074	piscines au niveau	0	0.0663
1075	reboisement des talus	0	0.0663
1076	responsabilité du maître	0	0.0663
1077	terrassements après étude hydraulique	0	0.0663
1078	zone rouge r	0	0.0663
1079	écoulement sous forme	0	0.0663
1080	accueil sous réserve	0	0.0662
1081	bâtiments d'habitation	0	0.0662
1082	crue de référence	0	0.0662
1083	eaux en cas	0	0.0662
1084	extension de bâtiments	0	0.0662
1085	locaux à matériels	0	0.0662
1086	m d'emprise	0	0.0662
1087	matériaux et conditionnements	0	0.0662
1088	ralentissement des écoulements	0	0.0662
1089	réfection de toiture	0	0.0662
1090	sol sous réserve	0	0.0662
1091	terrassements après étude	0	0.0662
1092	véhicules sous réserve	0	0.0662
1093	altitude	1	0.0661
1094	atterrissements	0	0.0661
1095	barrage	0	0.0661
1096	berges	0	0.0661
1097	conditionnements susceptibles	0	0.0661
1098	constitution	0	0.0661
1099	conséquence	0	0.0661
1100	déboisement	0	0.0661
1101	délai	0	0.0661
1102	enlèvement	1	0.0661
1103	exécution	0	0.0661
1104	face	1	0.0661
1105	forme	0	0.0661
1106	gaz	1	0.0661
1107	habitation existants	0	0.0661
1108	haies	0	0.0661
1109	infiltration	1	0.0661
1110	maîtrise	0	0.0661
1111	mineur	1	0.0661
1112	reboisement	0	0.0661
1113	responsabilité	0	0.0661
1114	risques moindres	0	0.0661
1115	servitude	0	0.0661
1116	talus	1	0.0661
1117	techniques	1	0.0661
1118	territoire	1	0.0661
1119	électricité	1	0.0661
1120	établissements sanitaires	1	0.0661
1121	alerte	0	0.0659
1122	alinéa	0	0.0659
1123	amélioration	0	0.0659
1124	bassins	0	0.0659
1125	condition	0	0.0659
1126	conditionnements	0	0.0659
1127	crèches	1	0.0659
1128	marché	0	0.0659
1129	matériels	0	0.0659
1130	peinture	1	0.0659
1131	période	0	0.0659
1132	qualité	0	0.0659
1133	réfection	1	0.0659
1134	superficie	0	0.0659
1135	vestiaires	0	0.0659
1136	écoles	1	0.0659
1137	cadre de constructions	0	0.0635
1138	clôtures légères sur mur	0	0.0635
1139	modification de clôtures	0	0.0635
1140	modification de clôtures légères	0	0.0635
1141	mur de soubassement	0	0.0635
1142	orientations et préconisations	0	0.0635
1143	risques naturels d'inondation	0	0.0635
1144	étude hydraulique spécifique	0	0.0635
1145	clôtures légères	0	0.0634
1146	inondation centennale	0	0.0634
1147	produits polluants	0	0.0634
1148	écoulement principal	0	0.0634
1149	culturaux	0	0.0631
1150	fils	1	0.0631
1151	hauteurs	0	0.0631
1152	industries	0	0.0631
1153	part	0	0.0631
1154	soubassement	0	0.0631
1155	bâtiments	0	0.0607
1156	h	1	0.0607
1157	risques	0	0.0607
1158	équipements	0	0.0607
1159	équipements de lutte contre les incendies	0	0.0603
1160	air libre des canalisations	0	0.0602
1161	changements de destination des constructions	0	0.0602
1162	conduits extérieurs des cheminées	0	0.0602
1163	construction à la voie	0	0.0602
1164	construction à la voie ouverte	0	0.0602
1165	continuité avec une zone	0	0.0602
1166	habitations légères de loisirs	0	0.0602
1167	installations aériennes de réserves	0	0.0602
1168	lutte contre les incendies	0	0.0602
1169	normes de confort des bâtiments	0	0.0602
1170	prescriptions relatives à la défense	0	0.0602
1171	protection de l environnement	0	0.0602
1172	réalisation préalable des prescriptions	0	0.0602
1173	réalisation préalable des prescriptions relatives	0	0.0602
1174	réduction de l aléa	0	0.0602
1175	sécurité des projets nouveaux	0	0.0602
1176	zone de précaution forte	0	0.0602
1177	annexes des bâtiments	0	0.0601
1178	applicables aux zones	0	0.0601
1179	bâtiment partiellement sinistré	0	0.0601
1180	cartographie des enjeux	0	0.0601
1181	changements de destination	0	0.0601
1182	colonies de vacances	0	0.0601
1183	confort des bâtiments	0	0.0601
1184	constructions des terrains	0	0.0601
1185	destination des constructions	0	0.0601
1186	détermination du risque	0	0.0601
1187	extension des campings	0	0.0601
1188	l air libre	0	0.0601
1189	l arrêté préfectoral	0	0.0601
1190	l exploitation agricole	0	0.0601
1191	locaux techniques nécessaires	0	0.0601
1192	mesures de réduction	0	0.0601
1193	mise aux normes	0	0.0601
1194	mètres du bâtiment	0	0.0601
1195	normes de confort	0	0.0601
1196	occupation humaine permanente	0	0.0601
1197	propriétaire des constructions	0	0.0601
1198	sécurité des projets	0	0.0601
1199	travaux et ouvrages	0	0.0601
1200	équipements de lutte	0	0.0601
1201	étude de danger	0	0.0601
1202	activité humaine	0	0.06
1203	air libre	0	0.06
1204	constructions isolées	0	0.06
1205	continuité directe	0	0.06
1206	distribution téléphonique	0	0.06
1207	durée coupe-feu	0	0.06
1208	déchetteries …	0	0.06
1209	exploitation agricole	0	0.06
1210	gestion courante	0	0.06
1211	infrastructures publiques	0	0.06
1212	installations aériennes	0	0.06
1213	occupation humaine	0	0.06
1214	parades pérennes	0	0.06
1215	prescriptions relatives	0	0.06
1216	présent plan	0	0.06
1217	recommandations indicatives	0	0.06
1218	rectificatif annexes	0	0.06
1219	réalisation préalable	0	0.06
1220	réseaux routiers	0	0.06
1221	secours –	0	0.06
1222	services publics	0	0.06
1223	zones b1	0	0.06
1224	– cf	0	0.06
1225	changements	0	0.0597
1226	cheminées	0	0.0597
1227	cimetières	1	0.0597
1228	colonies	0	0.0597
1229	confort	0	0.0597
1230	coupe-feu	0	0.0597
1231	déchetteries	0	0.0597
1232	définition	0	0.0597
1233	détermination	0	0.0597
1234	enjeux	0	0.0597
1235	erp	1	0.0597
1236	espace	1	0.0597
1237	espaces	0	0.0597
1238	exclusion	1	0.0597
1239	installation	1	0.0597
1240	liquides	0	0.0597
1241	longueur	0	0.0597
1242	lotissements	0	0.0597
1243	mesure	1	0.0597
1244	modalités	0	0.0597
1245	parades	0	0.0597
1246	passages	0	0.0597
1247	probabilité	1	0.0597
1248	préambule	0	0.0597
1249	réduction	1	0.0597
1250	totalité	0	0.0597
1251	transport	1	0.0597
1252	villages	0	0.0597
1253	éclosion	0	0.0597
1254	installations	0	0.0537
1255	reglement	0	0.0507
1256	schéma	0	0.0507
1257	m	1	0.047
1258	exception	0	0.0469
1259	loisirs	1	0.0469
1260	plan	1	0.0469
1261	surface	1	0.0469
1262	partie	0	0.0408
1263	matériaux	0	0.0402
1264	protection	0	0.0402
1265	réserve qu	0	0.0402
1266	voies	0	0.0402
1267	commune	0	0.0401
1268	de	1	0.0401
1269	destination	1	0.0401
1270	dispositifs	1	0.0401
1271	maintien	0	0.0401
1272	réalisation	1	0.0401
1273	réseaux	0	0.0401
1274	m2	0	0.0376
1275	rapport	0	0.0376
1276	prescriptions	0	0.0358
1277	périmètre	0	0.0334
1278	activités dans le lit	0	0.0333
1279	annonces de crues	0	0.0333
1280	ans après l'approbation	0	0.0333
1281	application de la loi	1	0.0333
1282	arrêté préfectoral en date	0	0.0333
1283	autorisation en zone	0	0.0333
1284	autorisation en zone inondable	0	0.0333
1285	autres législations réglementaires	0	0.0333
1286	axes d'écoulement	0	0.0333
1287	balisage permanent de façon	0	0.0333
1288	bouches d'égouts	0	0.0333
1289	cadre de constructions en zones	0	0.0333
1290	cadre de constructions en zones inondables	0	0.0333
1291	cadre de la loi	0	0.0333
1292	cadre des textes	0	0.0333
1293	cadre des textes réglementaires	0	0.0333
1294	cas de pluie	0	0.0333
1295	cas de pluie intense	0	0.0333
1296	cas de sinistre	0	0.0333
1297	champ d'application	0	0.0333
1298	champ d'expansion	0	0.0333
1299	champ d'expansion des crues	0	0.0333
1300	citernes sous pression	0	0.0333
1301	communes sur un périmètre	0	0.0333
1302	conditions d'exécution	0	0.0333
1303	conditions d'exécution des techniques	0	0.0333
1304	conditions d'écoulement	0	0.0333
1305	constructions en zones	0	0.0333
1306	constructions en zones inondables	0	0.0333
1307	constructions et installations	0	0.0333
1308	constructions à caractère	0	0.0333
1309	constructions à caractère vulnérable	0	0.0333
1310	cours d'eau	1	0.0333
1311	création de constructions	0	0.0333
1312	création de constructions nouvelles	0	0.0333
1313	création de logement	0	0.0333
1314	création de logement supplémentaire	0	0.0333
1315	création de stocks	0	0.0333
1316	création de stocks de produits	0	0.0333
1317	demandes d'ouverture	0	0.0333
1318	direction régionale de l'industrie	0	0.0333
1319	dispositif de mise	0	0.0333
1320	dispositif de mise hors-service	0	0.0333
1321	dispositifs d'épuisement	0	0.0333
1322	dispositions applicables aux biens	0	0.0333
1323	dispositions du p	0	0.0333
1324	du reglement dispositions	0	0.0333
1325	défrichements de façon	0	0.0333
1326	dépôts de matériaux susceptibles	0	0.0333
1327	eaux pluviales dans la proportion	0	0.0333
1328	eaux pluviales sur place	0	0.0333
1329	effets de la crue	0	0.0333
1330	effets de la crue centennale	0	0.0333
1331	effets du p	0	0.0333
1332	emprise en cas	0	0.0333
1333	emprise en cas de crue	0	0.0333
1334	en-dessous du niveau	0	0.0333
1335	exception des dispositifs	0	0.0333
1336	exploitation de carrières	0	0.0333
1337	exécution des techniques	0	0.0333
1338	façon à pouvoir	0	0.0333
1339	garages ou pièces	0	0.0333
1340	imperméabilisation des sols	0	0.0333
1341	indemnisation des victimes	0	0.0333
1342	infiltration des eaux	0	0.0333
1343	infiltration des eaux pluviales	0	0.0333
1344	installations et activités	0	0.0333
1345	instruction de la part	0	0.0333
1346	l alinéa précédent	0	0.0333
1347	lit des cours	0	0.0333
1348	législations réglementaires en vigueur	0	0.0333
1349	matière de pluvial	0	0.0333
1350	matériaux de second-oeuvre	0	0.0333
1351	matériaux insensibles à l'eau	0	0.0333
1352	maîtres d'ouvrages	0	0.0333
1353	maîtrise des eaux	0	0.0333
1354	maîtrise des eaux pluviales	0	0.0333
1355	maîtrise du débit	0	0.0333
1356	mesures compensatoires suffisantes	0	0.0333
1357	mesures de protection	0	0.0333
1358	mesures de prévention dans le cadre	0	0.0333
1359	mesures de prévention nécessaires	0	0.0333
1360	mesures minimales de prévention	0	0.0333
1361	mesures minimales de prévention individuelles	0	0.0333
1362	minimum à l altitude	0	0.0333
1363	mise en oeuvre de techniques	0	0.0333
1364	mise en place	0	0.0333
1365	mise en place de systèmes	0	0.0333
1366	niveau de la cote	0	0.0333
1367	niveau des plus	0	0.0333
1368	objet d'une instruction	0	0.0333
1369	objet d'une étude	0	0.0333
1370	objet d'une étude hydraulique	0	0.0333
1371	objet d'une étude hydraulique spécifique	0	0.0333
1372	objets de valeur	0	0.0333
1373	occupation des sols	0	0.0333
1374	oeuvre de techniques	0	0.0333
1375	oeuvre pour les risques	0	0.0333
1376	oeuvre pour les risques naturels	0	0.0333
1377	opération d'urbanisation	0	0.0333
1378	orientations du sdage	0	0.0333
1379	pièces annexes en-dessous	0	0.0333
1380	place dans un délai	0	0.0333
1381	place de systèmes	0	0.0333
1382	plan de zonage	0	0.0333
1383	plan de zonage du plan	0	0.0333
1384	plantations d'alignement	0	0.0333
1385	plus hautes eaux	0	0.0333
1386	portee du reglement	0	0.0333
1387	possibilités de subvention	0	0.0333
1388	prescriptions du règlement	0	0.0333
1389	produits ou objets	0	0.0333
1390	produits sensibles à l'humidité	0	0.0333
1391	protection des zones	0	0.0333
1392	préjudice de l'application	0	0.0333
1393	prévention dans le cadre	0	0.0333
1394	prévention en conséquence	0	0.0333
1395	puits d'infiltration	0	0.0333
1396	quantité ou concentration	0	0.0333
1397	regard de l'inondation	0	0.0333
1398	reglement dispositions generales	0	0.0333
1399	relative à l'indemnisation	0	0.0333
1400	repères d'altitude	0	0.0333
1401	respect des dispositions	0	0.0333
1402	ruissellement pluvial urbain	0	0.0333
1403	règlement sanitaire départemental	0	0.0333
1404	réfections de toitures	0	0.0333
1405	réparation des dommages	0	0.0333
1406	réparation des dommages matériels	0	0.0333
1407	réseaux d'assainissement	0	0.0333
1408	réseaux extérieurs d'eau	0	0.0333
1409	sablières ou gravières	0	0.0333
1410	schéma départemental des carrières	0	0.0333
1411	sens principal du courant	0	0.0333
1412	servitude d'utilité	0	0.0333
1413	servitude d'utilité publique	0	0.0333
1414	sol de façon	0	0.0333
1415	stockage des produits	0	0.0333
1416	stockage des produits polluants	0	0.0333
1417	stocks de produits	0	0.0333
1418	structures sensibles à la corrosion	0	0.0333
1419	surfaces de garages	0	0.0333
1420	syndicat de communes	0	0.0333
1421	syndicat de communes sur un périmètre	0	0.0333
1422	système de balisage	0	0.0333
1423	système de balisage permanent	0	0.0333
1424	sécurité au regard	0	0.0333
1425	techniques de prévention	0	0.0333
1426	terrain naturel avant travaux	0	0.0333
1427	titre de la loi	0	0.0333
1428	travaux de protection	0	0.0333
1429	travaux de protection des zones	0	0.0333
1430	travaux de terrassement	0	0.0333
1431	travaux et activités	0	0.0333
1432	travaux relatifs à la ripisylve	0	0.0333
1433	travaux sur le bâti	0	0.0333
1434	travaux sur le bâti existant	0	0.0333
1435	victimes des catastrophes	0	0.0333
1436	victimes des catastrophes naturelles	0	0.0333
1437	zonage du plan	0	0.0333
1438	écoulement des eaux pluviales	0	0.0333
1439	étanchéité du bâtiment	0	0.0333
1440	état de catastrophe	0	0.0333
1441	état de catastrophe naturelle	0	0.0333
1442	étude de travaux	0	0.0333
1443	étude de travaux de protection	0	0.0333
1444	− en particulier	0	0.0333
1445	activité agricole	0	0.0332
1446	agent naturel	0	0.0332
1447	alinéa précédent	0	0.0332
1448	annexes en-dessous	0	0.0332
1449	appareils ménagers	0	0.0332
1450	arase étanche	0	0.0332
1451	arrêté interministériel	0	0.0332
1452	attention particulière	0	0.0332
1453	bassin versant	0	0.0332
1454	biens existants	0	0.0332
1455	brefs délais	0	0.0332
1456	bâti existant	0	0.0332
1457	catastrophe naturelle	1	0.0332
1458	catastrophes naturelles	1	0.0332
1459	chaussées réservoir	0	0.0332
1460	clapets anti-retour	0	0.0332
1461	compteur électrique	0	0.0332
1462	conséquence amont	0	0.0332
1463	contraintes architecturales	0	0.0332
1464	cote ngf	0	0.0332
1465	coût supérieur	0	0.0332
1466	difficultés possibles	0	0.0332
1467	différentes prescriptions	0	0.0332
1468	différents maîtres	0	0.0332
1469	différents réseaux	0	0.0332
1470	direction régionale	0	0.0332
1471	dispositions applicables	0	0.0332
1472	dispositions generales	0	0.0332
1473	dommages matériels	0	0.0332
1474	engrais liquides	0	0.0332
1475	façon générale	0	0.0332
1476	fonctionnement	0	0.0332
1477	grandes surfaces	0	0.0332
1478	géomètre expert	0	0.0332
1479	infrastructures	0	0.0332
1480	levé topographique	0	0.0332
1481	litres m2	0	0.0332
1482	logement supplémentaire	0	0.0332
1483	législations réglementaires	0	0.0332
1484	mailles larges	0	0.0332
1485	matériaux insensibles	0	0.0332
1486	matériaux susceptibles	0	0.0332
1487	mesures adéquates	0	0.0332
1488	mesures individuelles	0	0.0332
1489	mesures minimales	0	0.0332
1490	mise hors-service	0	0.0332
1491	naturels prévisibles	0	0.0332
1492	pièces annexes	0	0.0332
1493	pluie intense	0	0.0332
1494	pression hydrostatique	1	0.0332
1495	produits sensibles	0	0.0332
1496	précision altimétrique	0	0.0332
1497	présent	1	0.0332
1498	prévention individuelles	0	0.0332
1499	prévention nécessaires	0	0.0332
1500	reglement dispositions	0	0.0332
1501	ruissellement pluvial	0	0.0332
1502	ruissellements pluviaux	0	0.0332
1503	règlement sanitaire	0	0.0332
1504	règles générales	0	0.0332
1505	règles simples	0	0.0332
1506	récipients étanches	0	0.0332
1507	régime général	0	0.0332
1508	réseaux extérieurs	0	0.0332
1509	sanitaire départemental	0	0.0332
1510	schéma départemental	0	0.0332
1511	sens principal	0	0.0332
1512	serres nécessaires	0	0.0332
1513	service urbanisme	0	0.0332
1514	structures sensibles	0	0.0332
1515	surfaces boisées	0	0.0332
1516	techniques particulières	0	0.0332
1517	textes réglementaires	0	0.0332
1518	traitement éventuels	0	0.0332
1519	tranchées filtrantes	0	0.0332
1520	transparence maximale	0	0.0332
1521	travaux relatifs	0	0.0332
1522	utilité publique	0	0.0332
1523	écoulement préférentiel	0	0.0332
1524	équipements électriques	0	0.0332
1525	affouillements	0	0.0331
1526	agent	0	0.0331
1527	alignement	1	0.0331
1528	altitudes	0	0.0331
1529	appareils	1	0.0331
1530	arase	0	0.0331
1531	arceaux	0	0.0331
1532	attention	1	0.0331
1533	axes	0	0.0331
1534	bouches	0	0.0331
1535	calage	0	0.0331
1536	catastrophe	0	0.0331
1537	catastrophes	1	0.0331
1538	chaudières	0	0.0331
1539	chauffe-eau	0	0.0331
1540	chaussées	0	0.0331
1541	cités	1	0.0331
1542	clapets	0	0.0331
1543	cloisons	0	0.0331
1544	collecte	0	0.0331
1545	compteur	0	0.0331
1546	concentration	1	0.0331
1547	contraintes	0	0.0331
1548	corrosion	1	0.0331
1549	courant	0	0.0331
1550	cours	1	0.0331
1551	coût	1	0.0331
1552	demandes	0	0.0331
1553	difficultés	0	0.0331
1554	dommages	0	0.0331
1555	déclaration	0	0.0331
1556	défrichements	0	0.0331
1557	départemental	0	0.0331
1558	engrais	1	0.0331
1559	etat	0	0.0331
1560	exceptions	0	0.0331
1561	exercice	1	0.0331
1562	fondations	1	0.0331
1563	garages	0	0.0331
1564	gravières	0	0.0331
1565	géomètre	0	0.0331
1566	hautes	0	0.0331
1567	humidité	1	0.0331
1568	ign	0	0.0331
1569	imperméabilisation	0	0.0331
1570	indemnisation	0	0.0331
1571	industrie	1	0.0331
1572	inondabilité	0	0.0331
1573	instruction	1	0.0331
1574	intensité	0	0.0331
1575	levé	0	0.0331
1576	litres	0	0.0331
1577	logement	1	0.0331
1578	législation	1	0.0331
1579	législations	0	0.0331
1580	mailles	0	0.0331
1581	matière	0	0.0331
1582	maîtres	0	0.0331
1583	menuiseries	0	0.0331
1584	naturels	0	0.0331
1585	ngf	1	0.0331
1586	nomenclature	1	0.0331
1587	objets	0	0.0331
1588	particulières	0	0.0331
1589	peintures	1	0.0331
1590	pesticides	1	0.0331
1591	pièces	1	0.0331
1592	pluie	1	0.0331
1593	plus	1	0.0331
1594	pluvial	0	0.0331
1595	pompage	0	0.0331
1596	portee	0	0.0331
1597	portes	0	0.0331
1598	possibilité	0	0.0331
1599	possibilités	0	0.0331
1600	pouvoir	1	0.0331
1601	procédés	0	0.0331
1602	proportion	0	0.0331
1603	précision	0	0.0331
1604	préjudice	1	0.0331
1605	prévisibles	0	0.0331
1606	puits	1	0.0331
1607	quantité	1	0.0331
1608	recherche	1	0.0331
1609	regard	0	0.0331
1610	relative	0	0.0331
1611	repères	1	0.0331
1612	respect	0	0.0331
1613	rivière	1	0.0331
1614	ruissellements	0	0.0331
1615	réfections	0	0.0331
1616	régime	1	0.0331
1617	réparation	1	0.0331
1618	sablières	0	0.0331
1619	sanitaire	0	0.0331
1620	second-oeuvre	0	0.0331
1621	serres	1	0.0331
1622	service	0	0.0331
1623	stocks	1	0.0331
1624	structure	0	0.0331
1625	structures	0	0.0331
1626	subvention	0	0.0331
1627	syndicat	1	0.0331
1628	système	0	0.0331
1629	systèmes	0	0.0331
1630	tassements	0	0.0331
1631	terrassement	0	0.0331
1632	textes	0	0.0331
1633	traitement	1	0.0331
1634	tranchées	0	0.0331
1635	transparence	0	0.0331
1636	utilité	0	0.0331
1637	versant	0	0.0331
1638	victimes	0	0.0331
1639	vigueur	0	0.0331
1640	volumes	0	0.0331
1641	zonage	0	0.0331
1642	échelle	1	0.0331
1643	égouts	0	0.0331
1644	épuisement	1	0.0331
1645	érosions	0	0.0331
1646	recommandations	1	0.0318
1647	réparations	0	0.0318
1648	equipement	0	0.0317
1649	qu	0	0.0317
1650	habitation	0	0.0306
1651	accessibilité depuis une voie	0	0.03
1652	accessibilité depuis une voie ouverte	0	0.03
1653	activité humaine permanente	0	0.03
1654	approbation du présent	0	0.03
1655	b1 précaution forte	0	0.03
1656	bande de terrain	0	0.03
1657	bande de terrain inconstructible	0	0.03
1658	base des prescriptions	0	0.03
1659	base des prescriptions techniques	0	0.03
1660	base des prescriptions techniques générales	0	0.03
1661	bâtiment individuel isolé	0	0.03
1662	cartographie de l aléa	0	0.03
1663	cartographie des enjeux existants	0	0.03
1664	cartographie des enjeux futurs	0	0.03
1665	cités dans le présent	0	0.03
1666	commune de grabels	0	0.03
1667	communication entre l espace	0	0.03
1668	construction à un point	0	0.03
1669	constructions nécessaires au fonctionnement	0	0.03
1670	conséquences du passage	0	0.03
1671	conséquences du passage possible	0	0.03
1672	contact avec la zone	0	0.03
1673	contact avec la zone naturelle	0	0.03
1674	continuité de la bande	0	0.03
1675	continuité directe avec une zone	0	0.03
1676	de la forêt	0	0.03
1677	débroussaillement de mise	0	0.03
1678	débroussaillement de mise en sécurité	0	0.03
1679	délais et modalités	0	0.03
1680	détermination du risque actuel	0	0.03
1681	détermination du risque futur	0	0.03
1682	elargissement des voies	0	0.03
1683	elargissement des voies privées	0	0.03
1684	engins de secours	0	0.03
1685	engins de secours –	0	0.03
1686	equipement des habitations	0	0.03
1687	espaces avec une garantie	0	0.03
1688	exception des icpe	0	0.03
1689	exposés aux incendies	0	0.03
1690	feu des toitures	0	0.03
1691	fonctionnement des services	0	0.03
1692	fonctionnement des services publics	0	0.03
1693	forêt concernant la totalité	0	0.03
1694	implantation de nouvelles	0	0.03
1695	implantation des hydrants	0	0.03
1696	intérieur des zones	0	0.03
1697	intérieur du périmètre	0	0.03
1698	l aléa pérennes	0	0.03
1699	l entrée principale	0	0.03
1700	l espace naturel	0	0.03
1701	l habitat diffus	0	0.03
1702	l implantation nouvelle	0	0.03
1703	la direction départementale	0	0.03
1704	m de longueur	0	0.03
1705	mise en sécurité dans la zone	0	0.03
1706	mise en sécurité des projets	0	0.03
1707	mise en uvre	0	0.03
1708	mise en uvre en cas	0	0.03
1709	mise à feu	0	0.03
1710	mise à feu des toitures	0	0.03
1711	mm de diamètre	0	0.03
1712	modalités de mise	0	0.03
1713	modalités de mise en uvre	0	0.03
1714	nonaggravation du risque	0	0.03
1715	nonaggravation du risque global	0	0.03
1716	nouveau bâtiment individuel	0	0.03
1717	nouvelles constructions isolées	0	0.03
1718	par la direction	0	0.03
1719	particulière au risque	0	0.03
1720	partie de l espace	0	0.03
1721	prescriptions constructives précises	0	0.03
1722	prescriptions relatives à la défense extérieure	0	0.03
1723	prescriptions sous réserve	0	0.03
1724	pérennité des mesures	0	0.03
1725	périmètre de zac	0	0.03
1726	périmètre en contact	0	0.03
1727	périmètre en contact avec la zone	0	0.03
1728	recommandations indicatives de nature	0	0.03
1729	risque potentiellement fort	0	0.03
1730	risques de mise	0	0.03
1731	risques de mise à feu	0	0.03
1732	règles de constructions	0	0.03
1733	réserves de combustibles solides	0	0.03
1734	secours – cf	0	0.03
1735	stationnements de caravanes	0	0.03
1736	sécurité dans la zone	0	0.03
1737	tampon avec les zones	0	0.03
1738	tas de bois	0	0.03
1739	totalité du périmètre	0	0.03
1740	tout nouveau bâtiment	0	0.03
1741	toute opération nouvelle	0	0.03
1742	travaux de mise aux normes	0	0.03
1743	uvre des prescriptions	0	0.03
1744	uvre des prescriptions individuelles	0	0.03
1745	uvre en cas	0	0.03
1746	voirie ouverte à la circulation	0	0.03
1747	voirie ouverte à la circulation publique	0	0.03
1748	véhicules de prévention	0	0.03
1749	véhicules sans ralentissement	0	0.03
1750	zone de contact	0	0.03
1751	zone ouverte à la circulation	0	0.03
1752	zone ouverte à la circulation publique	0	0.03
1753	zones de précaution forte	0	0.03
1754	zones des constructions	0	0.03
1755	zones des constructions existantes	0	0.03
1756	équipement dans un coffre	0	0.03
1757	équipements et constructions	0	0.03
1758	équipements nécessaires au fonctionnement	0	0.03
1759	aléa feu	0	0.0299
1760	aléa pérennes	0	0.0299
1761	arrêté ministériel	0	0.0299
1762	avis favorable	0	0.0299
1763	b1 précaution	0	0.0299
1764	b2 précaution	0	0.0299
1765	bande inconstructible	0	0.0299
1766	bleu clair	1	0.0299
1767	bleu foncé	0	0.0299
1768	bâtiment existant	0	0.0299
1769	bâtiment individuel	0	0.0299
1770	bâtiment isolé	0	0.0299
1771	bâtiments existants	0	0.0299
1772	combustible –	0	0.0299
1773	combustibles solides	0	0.0299
1774	construction incombustible	0	0.0299
1775	constructions nécessaires	0	0.0299
1776	curage régulier	0	0.0299
1777	densification urbaine	0	0.0299
1778	direction départementale	0	0.0299
1779	enjeux existants	0	0.0299
1780	enjeux futurs	0	0.0299
1781	erp susceptibles	0	0.0299
1782	espace naturel	0	0.0299
1783	grands espaces	0	0.0299
1784	habitat diffus	0	0.0299
1785	implantation nouvelle	0	0.0299
1786	interface –	0	0.0299
1787	majeure partie	0	0.0299
1788	man uvre	0	0.0299
1789	mètres mesurés	0	0.0299
1790	naturels exposés	0	0.0299
1791	nouveau bâtiment	0	0.0299
1792	nouvelles constructions	0	0.0299
1793	opération nouvelle	0	0.0299
1794	opérations nouvelles	0	0.0299
1795	petite superficie	0	0.0299
1796	place chaptal	0	0.0299
1797	points suivants	0	0.0299
1798	prescriptions individuelles	0	0.0299
1799	profondeur réglementaire	0	0.0299
1800	projets urbains	0	0.0299
1801	préfectoral 2004-i907	0	0.0299
1802	périmètre total	0	0.0299
1803	périmètre –	0	0.0299
1804	risque actuel	0	0.0299
1805	risque futur	0	0.0299
1806	saison estivale	0	0.0299
1807	secours cf	0	0.0299
1808	terrain inconstructible	0	0.0299
1809	toute opération	0	0.0299
1810	urbanisation existante	0	0.0299
1811	urbanisation totale	0	0.0299
1812	urbanisme collectives	0	0.0299
1813	voies privées	0	0.0299
1814	voirie ouverte	0	0.0299
1815	zone naturelle	0	0.0299
1816	zone ouverte	0	0.0299
1817	zones b2	0	0.0299
1818	zones tampon	0	0.0299
1819	équipements nécessaires	0	0.0299
1820	– fax	0	0.0299
1821	1	1	0.0298
1822	2	1	0.0298
1823	2004-i907	0	0.0298
1824	4	1	0.0298
1825	acceptation	0	0.0298
1826	agriculture	1	0.0298
1827	aide	0	0.0298
1828	aiguilles	1	0.0298
1829	aménageur	0	0.0298
1830	année	0	0.0298
1831	applicable	0	0.0298
1832	avis	0	0.0298
1833	bleu	1	0.0298
1834	cedex	0	0.0298
1835	cents	0	0.0298
1836	chaptal	0	0.0298
1837	ci-après	0	0.0298
1838	cidessus	0	0.0298
1839	coffre	0	0.0298
1840	combustibilité	0	0.0298
1841	communication	1	0.0298
1842	continuation	0	0.0298
1843	critères	0	0.0298
1844	croisement	1	0.0298
1845	cs	0	0.0298
1846	curage	1	0.0298
1847	densification	0	0.0298
1848	diamètre	1	0.0298
1849	départementale	0	0.0298
1850	elargissement	0	0.0298
1851	er	0	0.0298
1852	etabli	0	0.0298
1853	exemples	0	0.0298
1854	exposition	1	0.0298
1855	exposés	1	0.0298
1856	fax	1	0.0298
1857	feuillages	0	0.0298
1858	fonction	0	0.0298
1859	foncé	1	0.0298
1860	habitat	1	0.0298
1861	inconstructibilité	0	0.0298
1862	individuelle	0	0.0298
1863	isolement	1	0.0298
1864	jumelage	0	0.0298
1865	lance	1	0.0298
1866	lotissement	0	0.0298
1867	man	0	0.0298
1868	mm	0	0.0298
1869	moteur	0	0.0298
1870	motopompe	0	0.0298
1871	nonaggravation	0	0.0298
1872	nouvelles	1	0.0298
1873	particulière	0	0.0298
1874	peuplement	0	0.0298
1875	piscine	1	0.0298
1876	points	0	0.0298
1877	position	0	0.0298
1878	pprif	0	0.0298
1879	puissance	0	0.0298
1880	pérennité	0	0.0298
1881	rectificatif	0	0.0298
1882	règle	1	0.0298
1883	saison	0	0.0298
1884	sommaire	0	0.0298
1885	son	1	0.0298
1886	stationnements	0	0.0298
1887	subordonnée	0	0.0298
1888	tampon	1	0.0298
1889	tas	1	0.0298
1890	tiers	0	0.0298
1891	tout	1	0.0298
1892	tuyaux	0	0.0298
1893	tél	0	0.0298
1894	équipement	1	0.0298
1895	air	1	0.0274
1896	approbation	0	0.0274
1897	cadre	0	0.0274
1898	constructions nouvelles	0	0.0274
1899	exploitation	0	0.0274
1900	locaux	0	0.0274
1901	murs	0	0.0274
1902	secours	0	0.0274
1903	services	0	0.0274
1904	aggravation	1	0.026
1905	hauteur	0	0.026
1906	risques naturels	0	0.026
1907	habitations	0	0.0256
1908	urbanisme	1	0.0256
1909	citernes	0	0.0228
1910	façades	0	0.0228
1911	revêtements	0	0.0228
1912	toiture	0	0.0228
1913	arrêtés	0	0.0206
1914	article	0	0.0206
1915	bassin	1	0.0206
1916	gestion	0	0.0206
1917	mise en sécurité	0	0.0206
1918	objet	0	0.0206
1919	plan de prévention	0	0.0206
1920	ppr	0	0.0206
1921	stationnement	0	0.0206
1922	uvre	0	0.0206
1923	véhicules	0	0.0206
1924	accueil	0	0.0204
1925	août	0	0.0154
1926	décret	0	0.0154
1927	mur	0	0.0154
1928	règles	1	0.0154
1929	titre	0	0.0154
1930	urbanisation	1	0.0154
1931	état	1	0.0154
1932	activité	0	0.0138
1933	arrêté	1	0.0138
1934	délais	0	0.0138
1935	opération	1	0.0138
1936	pression	1	0.0138
1937	ralentissement	0	0.0138
1938	établissements	0	0.0138
1939	direction	1	0.0128
1940	hydrocarbures	1	0.0126
1941	date	0	0.0102
1942	débit	0	0.0102
1943	meilleurs délais	0	0.0102
1944	réservoir	0	0.0102
1945	toitures	0	0.0102
1946	ans	1	0.0078
1947	plantations	0	0.0078
1948	étanchéité	0	0.0078
1949	arrêté préfectoral	0	0.0068
1950	bordure	0	0.0068
1951	enquête	0	0.0068
1952	enquête publique	0	0.0068
1953	environnement	1	0.0068
1954	garantie	0	0.0068
1955	mars	1	0.0068
1956	occupation	0	0.0068
1957	prescription	1	0.0068
1958	publique	0	0.0068
1959	risques naturels prévisibles	0	0.0068
